10x Genomics Inc. Class A;B;TXG_SPB;1;0.01
1-800-FLOWERS.COM Inc. ClassA;B;FLWS_SPB;1;0.01
1Life Healthcare Inc.;B;ONEM_SPB;1;0.01
2U Inc.;B;TWOU_SPB;1;0.01
3D Systems Corporation;B;DDD_SPB;1;0.01
3M Company;B;MMM_SPB;1;0.01
51job Inc.;B;JOBS_SPB;1;0.01
8x8 Inc.;B;EGHT_SPB;1;0.01
A. O. Smith Corporation;B;AOS_SPB;1;0.01
AAON Inc.;B;AAON_SPB;1;0.01
AAR CORP.;B;AIR_SPB;1;0.01
Abbott Laboratories;B;ABT_SPB;1;0.01
AbbVie Inc.;B;ABBV_SPB;1;0.01
AbCellera Biologics Inc.;B;ABCL_SPB;1;0.01
Abercrombie & Fitch Co. Class A;B;ANF_SPB;1;0.01
ABIOMED Inc.;B;ABMD_SPB;1;0.01
Academy Sports and Outdoors Inc;B;ASO_SPB;1;0.01
ACADIA Pharmaceuticals Inc.;B;ACAD_SPB;1;0.01
Acceleron Pharma Inc.;B;XLRN_SPB;1;0.01
Accenture plc class A;B;ACN_SPB;1;0.01
ACI Worldwide Inc.;B;ACIW_SPB;1;0.01
ACM Research Inc. Class A;B;ACMR_SPB;1;0.01
Activision Blizzard Inc.;B;ATVI_SPB;1;0.01
Acuity Brands Inc.;B;AYI_SPB;1;0.01
Adaptive Biotechnologies Corpora;B;ADPT_SPB;1;0.01
Addus HomeCare Corporation;B;ADUS_SPB;1;0.01
Adobe Inc.;B;ADBE_SPB;1;0.01
Adtalem Global Education Inc.;B;ATGE_SPB;1;0.01
Advance Auto Parts Inc.;B;AAP_SPB;1;0.01
Advanced Energy Industries Inc.;B;AEIS_SPB;1;0.01
Advanced Micro Devices Inc.;B;AMD_SPB;1;0.01
AdvanSix Inc.;B;ASIX_SPB;1;0.01
AECOM;B;ACM_SPB;1;0.01
AerCap Holdings N.V.;B;AER_SPB;1;0.01
Aerie Pharmaceuticals Inc.;B;AERI_SPB;1;0.01
Aerojet Rocketdyne Holdings Inc;B;AJRD_SPB;1;0.01
AeroVironment Inc.;B;AVAV_SPB;1;0.01
Affiliated Managers Group Inc.;B;AMG_SPB;1;0.01
Affimed N.V.;B;AFMD_SPB;1;0.01
Affirm Holdings Inc.;B;AFRM_SPB;1;0.01
Aflac Incorporated;B;AFL_SPB;1;0.01
AGCO Corporation;B;AGCO_SPB;1;0.01
Agilent Technologies Inc.;B;A_SPB;1;0.01
Agios Pharmaceuticals Inc.;B;AGIO_SPB;1;0.01
AGNC Investment Corp.;B;AGNC_SPB;1;0.01
Air Products & Chemicals Inc.;B;APD_SPB;1;0.01
Airbnb Inc.;B;ABNB_SPB;1;0.01
Akamai Technologies Inc.;B;AKAM_SPB;1;0.01
Alamo Group Inc.;B;ALG_SPB;1;0.01
Alarm.com Holdings Inc.;B;ALRM_SPB;1;0.01
Alaska Air Group Inc.;B;ALK_SPB;1;0.01
Albany International Corp. Class;B;AIN_SPB;1;0.01
Albemarle Corporation;B;ALB_SPB;1;0.01
Alcoa Corporation;B;AA_SPB;1;0.01
Alexandria Real Estate Equities;B;ARE_SPB;1;0.01
Alexion Pharmaceuticals Inc;B;ALXN_SPB;1;0.01
Alibaba Group Holding Limited;B;BABA_SPB;1;0.01
Alight Inc.;B;ALIT_SPB;1;0.01
Align Technology Inc.;B;ALGN_SPB;1;0.01
Allakos Inc.;B;ALLK_SPB;1;0.01
Alleghany Corporation;B;Y_SPB;1;0.01
Allegiant Travel Company;B;ALGT_SPB;1;0.01
Allegion Public Limited Company;B;ALLE_SPB;1;0.01
ALLETE Inc.;B;ALE_SPB;1;0.01
Alliance Data Systems Corporatio;B;ADS_SPB;1;0.01
Alliant Energy Corporation;B;LNT_SPB;1;0.01
Allison Transmission Holdings I;B;ALSN_SPB;1;0.01
Allogene Therapeutics Inc.;B;ALLO_SPB;1;0.01
Allscripts Healthcare Solutions;B;MDRX_SPB;1;0.01
Ally Financial Inc.;B;ALLY_SPB;1;0.01
Alnylam Pharmaceuticals Inc.;B;ALNY_SPB;1;0.01
Alphabet Inc. Class A;B;GOOGL_SPB;1;0.01
Alphabet Inc. Class C;B;GOOG_SPB;1;0.01
Altair Engineering Inc. ClassA;B;ALTR_SPB;1;0.01
Alteryx Inc. ClassA;B;AYX_SPB;1;0.01
Altice USA Inc. Class A;B;ATUS_SPB;1;0.01
Altria Group Inc.;B;MO_SPB;1;0.01
Aluminum Corporation of China Li;B;ACH_SPB;1;0.01
ALX Oncology Holdings Inc.;B;ALXO_SPB;1;0.01
Amazon.com Inc.;B;AMZN_SPB;1;0.01
Ambarella Inc.;B;AMBA_SPB;1;0.01
AMC Networks Inc. ClassA;B;AMCX_SPB;1;0.01
Amedisys Inc.;B;AMED_SPB;1;0.01
Ameren Corporation;B;AEE_SPB;1;0.01
American Airlines Group Inc.;B;AAL_SPB;1;0.01
American Eagle Outfitters Inc.;B;AEO_SPB;1;0.01
American Express Company;B;AXP_SPB;1;0.01
American Financial Group Inc.;B;AFG_SPB;1;0.01
American Homes 4 Rent;B;AMH_SPB;1;0.01
American International Group In;B;AIG_SPB;1;0.01
American Outdoor Brands Inc.;B;AOUT_SPB;1;0.01
American Public Education Inc.;B;APEI_SPB;1;0.01
American States Water Company;B;AWR_SPB;1;0.01
American Tower Corporation;B;AMT_SPB;1;0.01
American Water Works Company In;B;AWK_SPB;1;0.01
American Woodmark Corporation;B;AMWD_SPB;1;0.01
America's Car-Mart Inc.;B;CRMT_SPB;1;0.01
Americold Realty Trust;B;COLD_SPB;1;0.01
Ameriprise Financial Inc.;B;AMP_SPB;1;0.01
AMERISAFE Inc.;B;AMSF_SPB;1;0.01
AmerisourceBergen Corporation;B;ABC_SPB;1;0.01
AMETEK Inc.;B;AME_SPB;1;0.01
Amgen Inc.;B;AMGN_SPB;1;0.01
Amicus Therapeutics Inc.;B;FOLD_SPB;1;0.01
AMN Healthcare Services Inc.;B;AMN_SPB;1;0.01
Amphenol Corporation;B;APH_SPB;1;0.01
Analog Devices Inc.;B;ADI_SPB;1;0.01
Anaplan Inc.;B;PLAN_SPB;1;0.01
AnaptysBio Inc.;B;ANAB_SPB;1;0.01
Angi Inc. Class A;B;ANGI_SPB;1;0.01
Anheuser-Busch InBev SA/NV;B;BUD_SPB;1;0.01
ANI Pharmaceuticals Inc.;B;ANIP_SPB;1;0.01
Anika Therapeutics Inc.;B;ANIK_SPB;1;0.01
Annaly Capital Management Inc.;B;NLY_SPB;1;0.01
ANSYS Inc.;B;ANSS_SPB;1;0.01
Anterix Inc.;B;ATEX_SPB;1;0.01
Anthem Inc.;B;ANTM_SPB;1;0.01
Aon plc;B;AON_SPB;1;0.01
APA Corporation;B;APA_SPB;1;0.01
Apartment Income REIT Corp.;B;AIRC_SPB;1;0.01
Apartment Investment & Managemen;B;AIV_SPB;1;0.01
Apollo Medical Holdings Inc.;B;AMEH_SPB;1;0.01
AppFolio Inc. ClassA;B;APPF_SPB;1;0.01
AppHarvest Inc.;B;APPH_SPB;1;0.01
Appian Corporation ClassA;B;APPN_SPB;1;0.01
Apple Hospitality REIT Inc.;B;APLE_SPB;1;0.01
Apple Inc.;B;AAPL_SPB;1;0.01
Applied Industrial Technologies;B;AIT_SPB;1;0.01
Applied Materials Inc.;B;AMAT_SPB;1;0.01
Applied Molecular Transport Inc.;B;AMTI_SPB;1;0.01
Applied Therapeutics Inc.;B;APLT_SPB;1;0.01
AptarGroup Inc.;B;ATR_SPB;1;0.01
Aptiv PLC;B;APTV_SPB;1;0.01
Aramark;B;ARMK_SPB;1;0.01
Arch Capital Group Ltd.;B;ACGL_SPB;1;0.01
Archer-Daniels-Midland Company;B;ADM_SPB;1;0.01
Arconic Corporation;B;ARNC_SPB;1;0.01
Arcturus Therapeutics Holdings I;B;ARCT_SPB;1;0.01
Arcutis Biotherapeutics Inc.;B;ARQT_SPB;1;0.01
Arena Pharmaceuticals Inc.;B;ARNA_SPB;1;0.01
Ares Capital Corporation;B;ARCC_SPB;1;0.01
Arista Networks Inc.;B;ANET_SPB;1;0.01
Armstrong World Industries Inc.;B;AWI_SPB;1;0.01
Arrival;B;ARVL_SPB;1;0.01
Arrow Electronics Inc.;B;ARW_SPB;1;0.01
Arrowhead Pharmaceuticals Inc.;B;ARWR_SPB;1;0.01
Arthur J. Gallagher & Co.;B;AJG_SPB;1;0.01
Arvinas Inc.;B;ARVN_SPB;1;0.01
Asana Inc.;B;ASAN_SPB;1;0.01
Asbury Automotive Group Inc.;B;ABG_SPB;1;0.01
ASGN Incorporated;B;ASGN_SPB;1;0.01
Ashland Global Holdings Inc.;B;ASH_SPB;1;0.01
Aspen Technology Inc.;B;AZPN_SPB;1;0.01
Aspira Women's Health Inc.;B;AWH_SPB;1;0.01
Assurant Inc.;B;AIZ_SPB;1;0.01
Astronics Corporation;B;ATRO_SPB;1;0.01
AT&T INC.;B;T_SPB;1;0.01
Atara Biotherapeutics Inc.;B;ATRA_SPB;1;0.01
Atea Pharmaceuticals Inc.;B;AVIR_SPB;1;0.01
Atkore Inc.;B;ATKR_SPB;1;0.01
ATN International Inc.;B;ATNI_SPB;1;0.01
AtriCure Inc.;B;ATRC_SPB;1;0.01
Atrion Corporation;B;ATRI_SPB;1;0.01
Aurinia Pharmaceuticals Inc.;B;AUPH_SPB;1;0.01
Autodesk Inc.;B;ADSK_SPB;1;0.01
Autoliv Inc.;B;ALV_SPB;1;0.01
Automatic Data Processing Inc.;B;ADP_SPB;1;0.01
AutoNation Inc.;B;AN_SPB;1;0.01
AutoZone Inc.;B;AZO_SPB;1;0.01
Avalara Inc.;B;AVLR_SPB;1;0.01
AvalonBay Communities Inc.;B;AVB_SPB;1;0.01
Avanos Medical Inc.;B;AVNS_SPB;1;0.01
Avantor Inc.;B;AVTR_SPB;1;0.01
Avery Dennison Corporation;B;AVY_SPB;1;0.01
Avient Corporation;B;AVNT_SPB;1;0.01
Avista Corporation;B;AVA_SPB;1;0.01
Avnet Inc.;B;AVT_SPB;1;0.01
Axogen Inc.;B;AXGN_SPB;1;0.01
Axon Enterprise Inc.;B;AXON_SPB;1;0.01
Axos Financial Inc.;B;AX_SPB;1;0.01
Axsome Therapeutics Inc.;B;AXSM_SPB;1;0.01
B&G Foods Inc.;B;BGS_SPB;1;0.01
Badger Meter Inc.;B;BMI_SPB;1;0.01
Baidu Inc.;B;BIDU_SPB;1;0.01
Baker Hughes Company;B;BKR_SPB;1;0.01
Balchem Corporation;B;BCPC_SPB;1;0.01
Ball Corporation;B;BLL_SPB;1;0.01
Bandwidth Inc. Class A;B;BAND_SPB;1;0.01
Bank of America Corporation;B;BAC_SPB;1;0.01
Bank of Hawaii Corporation;B;BOH_SPB;1;0.01
BankUnited Inc.;B;BKU_SPB;1;0.01
Baozun Inc.;B;BZUN_SPB;1;0.01
Barrett Business Services Inc.;B;BBSI_SPB;1;0.01
Baxter International Inc.;B;BAX_SPB;1;0.01
Beacon Roofing Supply Inc.;B;BECN_SPB;1;0.01
Beam Therapeutics Inc.;B;BEAM_SPB;1;0.01
Becton Dickinson and Company;B;BDX_SPB;1;0.01
Bed Bath & Beyond Inc;B;BBBY_SPB;1;0.01
Belden Inc.;B;BDC_SPB;1;0.01
Bentley Systems Incorporated;B;BSY_SPB;1;0.01
Berkeley Lights Inc.;B;BLI_SPB;1;0.01
Berkshire Hathaway Inc.;B;BRK.B_SPB;1;0.01
Berry Global Group Inc.;B;BERY_SPB;1;0.01
Best Buy Co. Inc.;B;BBY_SPB;1;0.01
Beyond Meat Inc.;B;BYND_SPB;1;0.01
BeyondSpring Inc.;B;BYSI_SPB;1;0.01
Big Lots Inc.;B;BIG_SPB;1;0.01
BigCommerce Holdings Inc.;B;BIGC_SPB;1;0.01
Biglari Holdings Inc. ClassB;B;BH_SPB;1;0.01
Bilibili Inc.;B;BILI_SPB;1;0.01
Bill.com Holdings Inc.;B;BILL_SPB;1;0.01
Biogen Inc.;B;BIIB_SPB;1;0.01
BioMarin Pharmaceutical Inc.;B;BMRN_SPB;1;0.01
Bionano Genomics Inc.;B;BNGO_SPB;1;0.01
Bio-Rad Laboratories Inc. Class;B;BIO_SPB;1;0.01
Bio-Techne Corporation;B;TECH_SPB;1;CHF
BioXcel Therapeutics Inc.;B;BTAI_SPB;1;GBP
BJ's Restaurants Inc.;B;BJRI_SPB;1;0.01
BJ's Wholesale Club Holdings In;B;BJ_SPB;1;0.01
Black Diamond Therapeutics Inc.;B;BDTX_SPB;1;0.01
Black Knight Inc.;B;BKI_SPB;1;0.01
Blackbaud Inc.;B;BLKB_SPB;1;0.01
BlackLine Inc.;B;BL_SPB;1;0.01
BlackRock Inc.;B;BLK_SPB;1;0.01
Blink Charging Co.;B;BLNK_SPB;1;0.01
Bloomin' Brands Inc.;B;BLMN_SPB;1;0.01
bluebird bio Inc.;B;BLUE_SPB;1;0.01
Blueprint Medicines Corporation;B;BPMC_SPB;1;0.01
BOK Financial Corporation;B;BOKF_SPB;1;0.01
Booking Holdings Inc.;B;BKNG_SPB;1;0.01
Boot Barn Holdings Inc.;B;BOOT_SPB;1;0.01
Booz Allen Hamilton Holding Corp;B;BAH_SPB;1;0.01
BorgWarner Inc.;B;BWA_SPB;1;0.01
Boston Properties Inc.;B;BXP_SPB;1;0.01
Boston Scientific Corporation;B;BSX_SPB;1;0.01
Bottomline Technologies (de) In;B;EPAY_SPB;1;0.01
Box Inc. Class A;B;BOX_SPB;1;0.01
Brady Corporation Class A;B;BRC_SPB;1;0.01
BridgeBio Pharma Inc.;B;BBIO_SPB;1;0.01
Bright Horizons Family Solutions;B;BFAM_SPB;1;0.01
Brighthouse Financial Inc.;B;BHF_SPB;1;0.01
Brinker International Inc.;B;EAT_SPB;1;0.01
Bristol-Myers Squibb Company;B;BMY_SPB;1;0.01
British American Tobacco p.l.c.;B;BTI_SPB;1;0.01
Brixmor Property Group Inc.;B;BRX_SPB;1;0.01
Broadcom Inc.;B;AVGO_SPB;1;0.01
Broadridge Financial Solutions;B;BR_SPB;1;0.01
Brooks Automation Inc.;B;BRKS_SPB;1;0.01
Brown & Brown Inc.;B;BRO_SPB;1;0.01
Brown-Forman Corporation;B;BF.B_SPB;1;0.01
Bruker Corporation;B;BRKR_SPB;1;0.01
Brunswick Corporation;B;BC_SPB;1;0.01
Builders FirstSource Inc.;B;BLDR_SPB;1;0.01
Burlington Stores Inc.;B;BURL_SPB;1;0.01
BWX Technologies Inc.;B;BWXT_SPB;1;0.01
C.H. Robinson Worldwide Inc.;B;CHRW_SPB;1;0.01
Cable One Inc.;B;CABO_SPB;1;0.01
Cabot Oil & Gas Corporation;B;COG_SPB;1;0.01
CACI International Inc;B;CACI_SPB;1;0.01
Cactus Inc. ClassA;B;WHD_SPB;1;0.01
Cadence Design Systems Inc.;B;CDNS_SPB;1;0.01
Calavo Growers Inc.;B;CVGW_SPB;1;0.01
California Water Service Group;B;CWT_SPB;1;0.01
Cal-Maine Foods Inc.;B;CALM_SPB;1;0.01
Camden Property Trust;B;CPT_SPB;1;0.01
Campbell Soup Company;B;CPB_SPB;1;0.01
Cantel Medical Corp.;B;CMD_SPB;1;0.01
Capital One Financial Corporatio;B;COF_SPB;1;0.01
Capri Holdings Limited;B;CPRI_SPB;1;0.01
Cara Therapeutics Inc.;B;CARA_SPB;1;0.01
Cardinal Health Inc.;B;CAH_SPB;1;0.01
Cardiovascular Systems Inc.;B;CSII_SPB;1;0.01
Cardlytics Inc.;B;CDLX_SPB;1;0.01
CareDx Inc.;B;CDNA_SPB;1;0.01
CarGurus Inc. Class A;B;CARG_SPB;1;0.01
Carlisle Companies Incorporated;B;CSL_SPB;1;0.01
CarMax Inc.;B;KMX_SPB;1;0.01
Carnival Corporation;B;CCL_SPB;1;0.01
Carpenter Technology Corporation;B;CRS_SPB;1;0.01
Carrier Global Corporation;B;CARR_SPB;1;0.01
Cars.com Inc.;B;CARS_SPB;1;0.01
Carter's Inc.;B;CRI_SPB;1;0.01
Carvana Co. Class A;B;CVNA_SPB;1;0.01
Casella Waste Systems Inc. Clas;B;CWST_SPB;1;0.01
Casey's General Stores Inc.;B;CASY_SPB;1;0.01
Cassava Sciences Inc.;B;SAVA_SPB;1;0.01
Catalent Inc.;B;CTLT_SPB;1;0.01
Caterpillar Inc.;B;CAT_SPB;1;0.01
Cavco Industries Inc.;B;CVCO_SPB;1;0.01
CBRE Group Inc.;B;CBRE_SPB;1;0.01
CDK Global Inc.;B;CDK_SPB;1;0.01
CDW Corporation;B;CDW_SPB;1;0.01
Celanese Corporation;B;CE_SPB;1;0.01
CEL-SCI Corporation;B;CVM_SPB;1;0.01
Centene Corporation;B;CNC_SPB;1;0.01
CenterPoint Energy Inc.;B;CNP_SPB;1;0.01
Central Garden & Pet Company;B;CENT_SPB;1;0.01
Central Garden & Pet Company Cla;B;CENTA_SPB;1;0.01
Cerence Inc.;B;CRNC_SPB;1;0.01
Cerner Corporation;B;CERN_SPB;1;0.01
CEVA Inc.;B;CEVA_SPB;1;0.01
CF Industries Holdings Inc.;B;CF_SPB;1;0.01
ChampionX Corporation;B;CHX_SPB;1;0.01
Change Healthcare Inc.;B;CHNG_SPB;1;0.01
ChargePoint Holdings Inc.;B;CHPT_SPB;1;0.01
Charles River Laboratories Inter;B;CRL_SPB;1;0.01
Chart Industries Inc.;B;GTLS_SPB;1;0.01
Charter Communications Inc. Cla;B;CHTR_SPB;1;0.01
Chatham Lodging TrustÂ ;B;CLDT_SPB;1;0.01
Check Point Software Technologie;B;CHKP_SPB;1;0.01
Chegg Inc.;B;CHGG_SPB;1;0.01
Chemed Corporation;B;CHE_SPB;1;0.01
ChemoCentryx Inc.;B;CCXI_SPB;1;0.01
Chevron Corporation;B;CVX_SPB;1;0.01
Chewy Inc. Class A;B;CHWY_SPB;1;0.01
China Eastern Airlines Corporati;B;CEA_SPB;1;0.01
China Life Insurance Company Lim;B;LFC_SPB;1;0.01
China Southern Airlines Company;B;ZNH_SPB;1;0.01
Chipotle Mexican Grill Inc.;B;CMG_SPB;1;0.01
Choice Hotels International Inc;B;CHH_SPB;1;0.01
ChoiceOne Financial Services In;B;COFS_SPB;1;0.01
Chubb Limited;B;CB_SPB;1;0.01
Church & Dwight Co. Inc.;B;CHD_SPB;1;0.01
Churchill Downs Incorporated;B;CHDN_SPB;1;0.01
Ciena Corporation;B;CIEN_SPB;1;0.01
Cigna Corporation;B;CI_SPB;1;0.01
Cimarex Energy Co.;B;XEC_SPB;1;0.01
Cincinnati Financial Corporation;B;CINF_SPB;1;0.01
Cinemark Holdings Inc.;B;CNK_SPB;1;0.01
Cintas Corporation;B;CTAS_SPB;1;0.01
Cirrus Logic Inc.;B;CRUS_SPB;1;0.01
Cisco Systems Inc.;B;CSCO_SPB;1;0.01
Citigroup Inc.;B;C_SPB;1;0.01
Citizens Financial Group Inc.;B;CFG_SPB;1;0.01
Citrix Systems Inc.;B;CTXS_SPB;1;0.01
City Holding Company;B;CHCO_SPB;1;0.01
Clean Harbors Inc.;B;CLH_SPB;1;0.01
CleanSpark Inc.;B;CLSK_SPB;1;0.01
Cleveland-Cliffs Inc.;B;CLF_SPB;1;0.01
Cloudera Inc.;B;CLDR_SPB;1;0.01
Cloudflare Inc. Class A;B;NET_SPB;1;0.01
Clover Health Investments Corp.;B;CLOV_SPB;1;0.01
CMC Materials Inc.;B;CCMP_SPB;1;0.01
CME GROUP INC.;B;CME_SPB;1;0.01
CMS Energy Corporation;B;CMS_SPB;1;0.01
CNH Industrial N.V.;B;CNHI_SPB;1;0.01
CNX Resources Corporation;B;CNX_SPB;1;0.01
Coca-Cola Consolidated Inc.;B;COKE_SPB;1;0.01
Cogent Communications Holdings;B;CCOI_SPB;1;0.01
Cognex Corporation;B;CGNX_SPB;1;0.01
Cognizant Technology Solutions C;B;CTSH_SPB;1;0.01
Cognyte Software Ltd.;B;CGNT_SPB;1;0.01
Cohen & Steers Inc.;B;CNS_SPB;1;0.01
Coherent Inc.;B;COHR_SPB;1;0.01
Coinbase Global Inc. Class A;B;COIN_SPB;1;0.01
Colfax Corporation;B;CFX_SPB;1;0.01
Colgate-Palmolive Company;B;CL_SPB;1;ILS
Columbia Sportswear Company;B;COLM_SPB;1;ILS
Columbus McKinnon Corporation;B;CMCO_SPB;1;CHF
Comcast Corporation;B;CMCSA_SPB;1;0.01
Comerica Incorporated;B;CMA_SPB;1;0.01
Commerce Bancshares Inc.;B;CBSH_SPB;1;0.01
Commercial Metals Company;B;CMC_SPB;1;0.01
Community Bank System Inc.;B;CBU_SPB;1;0.01
Commvault Systems Inc.;B;CVLT_SPB;1;0.01
Compass Minerals International;B;CMP_SPB;1;0.01
Compugen Ltd.;B;CGEN_SPB;1;0.01
Conagra Brands Inc.;B;CAG_SPB;1;0.01
Concentrix Corporation;B;CNXC_SPB;1;0.01
Confluent Inc.;B;CFLT_SPB;1;0.01
CONMED Corporation;B;CNMD_SPB;1;0.01
ConocoPhillips;B;COP_SPB;1;0.01
Consolidated Edison Inc.;B;ED_SPB;1;0.01
Constellation Brands Inc. Class;B;STZ_SPB;1;0.01
Constellation Pharmaceuticals I;B;CNST_SPB;1;0.01
ContextLogic Inc. Class A;B;WISH_SPB;1;0.01
Continental Resources Inc.;B;CLR_SPB;1;0.01
Cooper Tire & Rubber Company;B;CTB_SPB;1;0.01
Cooper-Standard Holdings Inc.;B;CPS_SPB;1;0.01
Copart Inc.;B;CPRT_SPB;1;ILS
Corcept Therapeutics Incorporate;B;CORT_SPB;1;0.01
CoreLogic Inc.;B;CLGX_SPB;1;0.01
CorEnergy Infrastructure Trust;B;CORR_SPB;1;0.01
CoreSite Realty Corporation;B;COR_SPB;1;0.01
Cornerstone OnDemand Inc.;B;CSOD_SPB;1;0.01
Corning Incorporated;B;GLW_SPB;1;0.01
Corteva Inc.;B;CTVA_SPB;1;0.01
Cortexyme Inc.;B;CRTX_SPB;1;0.01
CorVel Corporation;B;CRVL_SPB;1;0.01
CoStar Group Inc.;B;CSGP_SPB;1;0.01
Costco Wholesale Corporation;B;COST_SPB;1;0.01
Coty Inc. Class A;B;COTY_SPB;1;0.01
Coupa Software Incorporated;B;COUP_SPB;1;0.01
Coupang Inc.;B;CPNG_SPB;1;0.01
Coursera Inc.;B;COUR_SPB;1;0.01
Covetrus Inc.;B;CVET_SPB;1;0.01
Cowen Inc. Class A;B;COWN_SPB;1;0.01
Cracker Barrel Old Country Store;B;CBRL_SPB;1;0.01
Crane Co.;B;CR_SPB;1;0.01
Credit Acceptance Corporation;B;CACC_SPB;1;0.01
Cree Inc.;B;CREE_SPB;1;0.01
Crocs Inc.;B;CROX_SPB;1;0.01
CrowdStrike Holdings Inc. Class;B;CRWD_SPB;1;0.01
Crown Castle International Corp.;B;CCI_SPB;1;0.01
Crown Holdings Inc.;B;CCK_SPB;1;0.01
CSG Systems International Inc.;B;CSGS_SPB;1;0.01
CSW Industrials Inc.;B;CSWI_SPB;1;0.01
CSX Corporation;B;CSX_SPB;1;0.01
CubeSmart;B;CUBE_SPB;1;0.01
Cullen/Frost Bankers Inc.;B;CFR_SPB;1;0.01
Cummins Inc.;B;CMI_SPB;1;0.01
Curtiss-Wright Corporation;B;CW_SPB;1;0.01
CVS Health Corporation;B;CVS_SPB;1;0.01
CyberArk Software Ltd.;B;CYBR_SPB;1;0.01
CyrusOne Inc.;B;CONE_SPB;1;0.01
D.R. Horton Inc.;B;DHI_SPB;1;0.01
Danaher Corporation;B;DHR_SPB;1;0.01
Danimer Scientific Inc.;B;DNMR_SPB;1;0.01
Darden Restaurants Inc.;B;DRI_SPB;1;0.01
Darling Ingredients Inc.;B;DAR_SPB;1;0.01
Datadog Inc. Class A;B;DDOG_SPB;1;0.01
Dave & Buster's Entertainment I;B;PLAY_SPB;1;0.01
DaVita Inc.;B;DVA_SPB;1;0.01
Deciphera Pharmaceuticals Inc.;B;DCPH_SPB;1;0.01
Deckers Outdoor Corporation;B;DECK_SPB;1;0.01
Deere & Company;B;DE_SPB;1;0.01
Delek US Holdings Inc.;B;DK_SPB;1;0.01
Dell Technologies Inc. Class C;B;DELL_SPB;1;0.01
Delta Air Lines Inc.;B;DAL_SPB;1;0.01
Deluxe Corporation;B;DLX_SPB;1;0.01
Denali Therapeutics Inc.;B;DNLI_SPB;1;0.01
DENTSPLY SIRONA Inc.;B;XRAY_SPB;1;0.01
DermTech Inc.;B;DMTK_SPB;1;0.01
Desktop Metal Inc.;B;DM_SPB;1;0.01
Devon Energy Corporation;B;DVN_SPB;1;0.01
DexCom Inc.;B;DXCM_SPB;1;0.01
Diamondback Energy Inc.;B;FANG_SPB;1;0.01
Dicerna Pharmaceuticals Inc.;B;DRNA_SPB;1;0.01
Dick's Sporting Goods Inc.;B;DKS_SPB;1;0.01
Digital Realty Trust Inc.;B;DLR_SPB;1;0.01
Digital Turbine Inc.;B;APPS_SPB;1;0.01
DigitalOcean Holdings Inc.;B;DOCN_SPB;1;0.01
Dillard's Inc. ClassA;B;DDS_SPB;1;0.01
Diodes Incorporated;B;DIOD_SPB;1;0.01
Discover Financial Services;B;DFS_SPB;1;0.01
Discovery Inc. Series A;B;DISCA_SPB;1;0.01
Discovery Inc. Series B;B;DISCB_SPB;1;0.01
Discovery Inc. Series C;B;DISCK_SPB;1;0.01
DISH Network Corporation Class A;B;DISH_SPB;1;0.01
DLocal Limited;B;DLO_SPB;1;0.01
DocuSign Inc.;B;DOCU_SPB;1;0.01
Dolby Laboratories Inc. ClassA;B;DLB_SPB;1;0.01
Dollar General Corporation;B;DG_SPB;1;0.01
Dollar Tree Inc.;B;DLTR_SPB;1;0.01
Dominion Energy Inc.;B;D_SPB;1;0.01
Domino's Pizza Inc.;B;DPZ_SPB;1;0.01
Domtar Corporation;B;UFS_SPB;1;0.01
Donaldson Company Inc.;B;DCI_SPB;1;0.01
DoorDash Inc. Class A;B;DASH_SPB;1;0.01
Dorman Products Inc.;B;DORM_SPB;1;0.01
Dover Corporation;B;DOV_SPB;1;0.01
Dow Inc.;B;DOW_SPB;1;0.01
Dr. Reddy's Laboratories Ltd;B;RDY_SPB;1;0.01
DraftKings Inc. Class A;B;DKNG_SPB;1;0.01
Dril-Quip Inc.;B;DRQ_SPB;1;0.01
Dropbox Inc. Class A;B;DBX_SPB;1;0.01
Duke Realty Corporation;B;DRE_SPB;1;0.01
Duluth Holdings Inc. ClassB;B;DLTH_SPB;1;0.01
Dun & Bradstreet Holdings Inc.;B;DNB_SPB;1;0.01
DuPont de Nemours Inc.;B;DD_SPB;1;0.01
DXC Technology Company;B;DXC_SPB;1;0.01
Dycom Industries Inc.;B;DY_SPB;1;0.01
Dynatrace Inc.;B;DT_SPB;1;0.01
Eagle Materials Inc.;B;EXP_SPB;1;0.01
Eagle Pharmaceuticals Inc.;B;EGRX_SPB;1;0.01
Eargo Inc.;B;EAR_SPB;1;0.01
East West Bancorp Inc.;B;EWBC_SPB;1;0.01
EastGroup Properties Inc.;B;EGP_SPB;1;0.01
Eastman Chemical Company;B;EMN_SPB;1;0.01
Eaton Corporation plc;B;ETN_SPB;1;0.01
eBay Inc.;B;EBAY_SPB;1;0.01
Echo Global Logistics Inc.;B;ECHO_SPB;1;0.01
Ecolab Inc.;B;ECL_SPB;1;0.01
Edgewell Personal Care Company;B;EPC_SPB;1;0.01
Edison International;B;EIX_SPB;1;0.01
Editas Medicine Inc.;B;EDIT_SPB;1;0.01
Edwards Lifesciences Corporation;B;EW_SPB;1;0.01
eHealth Inc.;B;EHTH_SPB;1;0.01
Elanco Animal Health Incorporate;B;ELAN_SPB;1;0.01
Electronic Arts Inc.;B;EA_SPB;1;0.01
Eli Lilly and Company;B;LLY_SPB;1;0.01
EMCOR Group Inc.;B;EME_SPB;1;0.01
Emergent BioSolutions Inc.;B;EBS_SPB;1;0.01
Emerson Electric Co.;B;EMR_SPB;1;0.01
Enanta Pharmaceuticals Inc.;B;ENTA_SPB;1;0.01
Encore Capital Group Inc.;B;ECPG_SPB;1;0.01
Encore Wire Corporation;B;WIRE_SPB;1;0.01
Endo International PLC;B;ENDP_SPB;1;0.01
Energizer Holdings Inc.;B;ENR_SPB;1;0.01
Energy Transfer LP;B;ET_SPB;1;0.01
EnerSys;B;ENS_SPB;1;0.01
Enphase Energy Inc.;B;ENPH_SPB;1;0.01
Entegris Inc.;B;ENTG_SPB;1;0.01
Entergy Corporation;B;ETR_SPB;1;0.01
Envestnet Inc.;B;ENV_SPB;1;0.01
Envista Holdings Corporation;B;NVST_SPB;1;0.01
EOG Resources Inc.;B;EOG_SPB;1;0.01
EPAM Systems Inc.;B;EPAM_SPB;1;0.01
ePlus inc.;B;PLUS_SPB;1;0.01
EQT Corporation;B;EQT_SPB;1;0.01
Equifax Inc.;B;EFX_SPB;1;0.01
Equinix Inc.;B;EQIX_SPB;1;0.01
Equitrans Midstream Corporation;B;ETRN_SPB;1;0.01
Equity LifeStyle Properties Inc;B;ELS_SPB;1;0.01
Erie Indemnity Company ClassA;B;ERIE_SPB;1;0.01
ESCO Technologies Inc.;B;ESE_SPB;1;0.01
Esperion Therapeutics Inc.;B;ESPR_SPB;1;0.01
Essential Utilities Inc.;B;WTRG_SPB;1;0.01
Essex Property Trust Inc.;B;ESS_SPB;1;0.01
Etsy Inc.;B;ETSY_SPB;1;0.01
Euronet Worldwide Inc.;B;EEFT_SPB;1;0.01
Everbridge Inc.;B;EVBG_SPB;1;0.01
Evercore Inc. Class A;B;EVR_SPB;1;0.01
Everest Re Group Ltd.;B;RE_SPB;1;0.01
Evergy Inc.;B;EVRG_SPB;1;0.01
EverQuote Inc. Class A;B;EVER_SPB;1;0.01
Eversource Energy;B;ES_SPB;1;0.01
Evolent Health Inc. Class A;B;EVH_SPB;1;0.01
Exact Sciences Corporation;B;EXAS_SPB;1;0.01
Exelixis Inc.;B;EXEL_SPB;1;0.01
Exelon Corporation;B;EXC_SPB;1;0.01
ExlService Holdings Inc.;B;EXLS_SPB;1;0.01
eXp World Holdings Inc.;B;EXPI_SPB;1;0.01
Expedia Group Inc.;B;EXPE_SPB;1;0.01
Expeditors International of Wash;B;EXPD_SPB;1;0.01
Exponent Inc.;B;EXPO_SPB;1;0.01
Extra Space Storage Inc.;B;EXR_SPB;1;0.01
Exxon Mobil Corporation;B;XOM_SPB;1;0.01
F5 Networks Inc.;B;FFIV_SPB;1;0.01
Facebook Inc.;B;FB_SPB;1;0.01
FactSet Research Systems Inc.;B;FDS_SPB;1;0.01
Fair Isaac Corporation;B;FICO_SPB;1;0.01
Farfetch Limited Class A;B;FTCH_SPB;1;CHF
FARO Technologies Inc.;B;FARO_SPB;1;0.01
Fastenal Company;B;FAST_SPB;1;0.01
Fastly Inc. ClassA;B;FSLY_SPB;1;0.01
Fate Therapeutics Inc.;B;FATE_SPB;1;0.01
FedEx Corporation;B;FDX_SPB;1;0.01
Ferrari N.V.;B;RACE_SPB;1;0.01
Ferro Corporation;B;FOE_SPB;1;0.01
FibroGen Inc.;B;FGEN_SPB;1;0.01
Fidelity National Financial Inc;B;FNF_SPB;1;0.01
Fidelity National Information Se;B;FIS_SPB;1;0.01
Fifth Third Bancorp;B;FITB_SPB;1;0.01
FIGS Inc.;B;FIGS_SPB;1;0.01
First Citizens BancShares Inc.;B;FCNCA_SPB;1;0.01
First Financial Bankshares Inc.;B;FFIN_SPB;1;0.01
First Industrial Realty Trust Inc.;B;FR_SPB;1;0.01
First Solar Inc.;B;FSLR_SPB;1;0.01
FirstCash Inc.;B;FCFS_SPB;1;0.01
Fiserv Inc.;B;FISV_SPB;1;0.01
Five Below Inc.;B;FIVE_SPB;1;0.01
Five9 Inc.;B;FIVN_SPB;1;0.01
Fix Price Group Ltd;B;FIXP_SPB;1;0.01
FleetCor Technologies Inc.;B;FLT_SPB;1;0.01
Floor & Decor Holdings Inc. Cla;B;FND_SPB;1;0.01
Flowers Foods Inc.;B;FLO_SPB;1;0.01
Flowserve Corporation;B;FLS_SPB;1;0.01
Fluor Corporation;B;FLR_SPB;1;0.01
FMC Corporation;B;FMC_SPB;1;0.01
Focus Financial Partners Inc. Cl;B;FOCS_SPB;1;0.01
Foot Locker Inc.;B;FL_SPB;1;0.01
Ford Motor Company;B;F_SPB;1;0.01
FormFactor Inc.;B;FORM_SPB;1;0.01
Forrester Research Inc.;B;FORR_SPB;1;0.01
Fortinet Inc.;B;FTNT_SPB;1;0.01
Fortive Corporation;B;FTV_SPB;1;0.01
Fortune Brands Home & Security;B;FBHS_SPB;1;0.01
Forward Air Corporation;B;FWRD_SPB;1;0.01
Fox Corporation Class A;B;FOXA_SPB;1;0.01
Fox Corporation Class B;B;FOX_SPB;1;0.01
Fox Factory Holding Corp.;B;FOXF_SPB;1;0.01
Franklin Electric Co. Inc.;B;FELE_SPB;1;0.01
Franklin Resources Inc.;B;BEN_SPB;1;0.01
Freedom Holding Corp.;B;FRHC_SPB;1;0.01
Freeport-McMoRan Inc.;B;FCX_SPB;1;0.01
Freshpet Inc.;B;FRPT_SPB;1;0.01
frontdoor Inc.;B;FTDR_SPB;1;0.01
FRP Holdings Inc.;B;FRPH_SPB;1;0.01
FTC Solar Inc.;B;FTCI_SPB;1;0.01
FTI Consulting Inc.;B;FCN_SPB;1;EUR
Fulcrum Therapeutics Inc.;B;FULC_SPB;1;0.01
Fulgent Genetics Inc.;B;FLGT_SPB;1;0.01
Funko Inc. ClassA;B;FNKO_SPB;1;0.01
G1 Therapeutics Inc.;B;GTHX_SPB;1;0.01
Gaming and Leisure Properties I;B;GLPI_SPB;1;0.01
Garmin Ltd.;B;GRMN_SPB;1;0.01
Garrett Motion Inc.;B;GTX_SPB;1;0.01
Gartner Inc.;B;IT_SPB;1;0.01
GATX Corporation;B;GATX_SPB;1;0.01
GCP Applied Technologies Inc.;B;GCP_SPB;1;0.01
Generac Holdings Inc.;B;GNRC_SPB;1;0.01
General Dynamics Corporation;B;GD_SPB;1;0.01
General Electric Company;B;GE_SPB;1;0.01
General Mills Inc.;B;GIS_SPB;1;0.01
General Motors Company;B;GM_SPB;1;0.01
Genesco Inc.;B;GCO_SPB;1;0.01
Genpact Limited;B;G_SPB;1;0.01
Gentex Corporation;B;GNTX_SPB;1;0.01
Gentherm Incorporated;B;THRM_SPB;1;0.01
Genuine Parts Company;B;GPC_SPB;1;0.01
Gibraltar Industries Inc.;B;ROCK_SPB;1;0.01
GILEAD SCIENCES Inc.;B;GILD_SPB;1;0.01
Glacier Bancorp Inc.;B;GBCI_SPB;1;0.01
Glaukos Corporation;B;GKOS_SPB;1;0.01
Global Blood Therapeutics Inc.;B;GBT_SPB;1;0.01
Global Net Lease Inc.;B;GNL_SPB;1;0.01
Global Payments Inc.;B;GPN_SPB;1;0.01
Globaltrans Investment PLC GDR;B;GLTR@GS_SPB;1;0.01
Globant S.A.;B;GLOB_SPB;1;0.01
Globus Medical Inc. ClassA;B;GMED_SPB;1;0.01
GMS Inc.;B;GMS_SPB;1;0.01
GoDaddy Inc. ClassA;B;GDDY_SPB;1;0.01
GoodRx Holdings Inc. Class A;B;GDRX_SPB;1;0.01
Goosehead Insurance Inc. Class;B;GSHD_SPB;1;0.01
Gossamer Bio Inc.;B;GOSS_SPB;1;0.01
Graco Inc.;B;GGG_SPB;1;0.01
Graham Holdings Company ClassB;B;GHC_SPB;1;0.01
Grand Canyon Education Inc.;B;LOPE_SPB;1;0.01
Granite Construction Incorporate;B;GVA_SPB;1;0.01
Graphic Packaging Holding Company;B;GPK_SPB;1;0.01
Gray Television Inc.;B;GTN_SPB;1;0.01
Green Dot Corporation ClassA;B;GDOT_SPB;1;0.01
GreenSky Inc. Class A;B;GSKY_SPB;1;0.01
Greif Inc. ClassA;B;GEF_SPB;1;0.01
Grocery Outlet Holding Corp.;B;GO_SPB;1;0.01
Group 1 Automotive Inc.;B;GPI_SPB;1;0.01
GrubHub Inc.;B;GRUB_SPB;1;0.01
Guardant Health Inc.;B;GH_SPB;1;0.01
Guidewire Software Inc.;B;GWRE_SPB;1;0.01
H&R Block Inc.;B;HRB_SPB;1;0.01
H.B. Fuller Company;B;FUL_SPB;1;0.01
Haemonetics Corporation;B;HAE_SPB;1;0.01
Halliburton Company;B;HAL_SPB;1;0.01
Halozyme Therapeutics Inc.;B;HALO_SPB;1;0.01
Hamilton Lane Incorporated Class;B;HLNE_SPB;1;0.01
Hanesbrands Inc.;B;HBI_SPB;1;0.01
Harley-Davidson Inc.;B;HOG_SPB;1;0.01
Harsco Corporation;B;HSC_SPB;1;0.01
Hasbro Inc.;B;HAS_SPB;1;0.01
Hawaiian Electric Industries In;B;HE_SPB;1;0.01
Hawaiian Holdings Inc.;B;HA_SPB;1;0.01
HCA Healthcare Inc.;B;HCA_SPB;1;0.01
HeadHunter Group PLC;B;HHR_SPB;1;0.01
Healthcare Services Group Inc.;B;HCSG_SPB;1;0.01
Healthcare Trust of America Inc;B;HTA_SPB;1;0.01
HealthEquity Inc.;B;HQY_SPB;1;0.01
Healthpeak Properties Inc.;B;PEAK_SPB;1;0.01
HEICO Corporation;B;HEI_SPB;1;0.01
Helmerich & Payne Inc.;B;HP_SPB;1;0.01
Henry Schein Inc.;B;HSIC_SPB;1;0.01
Heritage-Crystal Clean Inc.;B;HCCI_SPB;1;0.01
Herman Miller Inc.;B;MLHR_SPB;1;0.01
Heron Therapeutics Inc.;B;HRTX_SPB;1;0.01
Heska Corporation;B;HSKA_SPB;1;0.01
Hess Corporation;B;HES_SPB;1;0.01
Hewlett Packard Enterprise Compa;B;HPE_SPB;1;0.01
Hexcel Corporation;B;HXL_SPB;1;0.01
Hibbett Sports Inc.;B;HIBB_SPB;1;0.01
Hill-Rom Holdings Inc.;B;HRC_SPB;1;0.01
Hilton Grand Vacations Inc.;B;HGV_SPB;1;0.01
Hilton Worldwide Holdings Inc.;B;HLT_SPB;1;0.01
HollyFrontier Corporation;B;HFC_SPB;1;0.01
Hologic Inc.;B;HOLX_SPB;1;0.01
Honeywell International Inc.;B;HON_SPB;1;0.01
Hormel Foods Corporation;B;HRL_SPB;1;0.01
Host Hotels & Resorts Inc.;B;HST_SPB;1;0.01
Hostess Brands Inc. ClassA;B;TWNK_SPB;1;0.01
Houlihan Lokey Inc. Class A;B;HLI_SPB;1;0.01
Howmet Aerospace Inc.;B;HWM_SPB;1;0.01
HP Inc.;B;HPQ_SPB;1;0.01
Huaneng Power International Inc;B;HNP_SPB;1;0.01
Huazhu Group Limited;B;HTHT_SPB;1;ILS
Hub Group Inc. ClassA;B;HUBG_SPB;1;0.01
Hubbell Incorporated;B;HUBB_SPB;1;0.01
HubSpot Inc.;B;HUBS_SPB;1;0.01
Humana Inc.;B;HUM_SPB;1;0.01
Huntington Bancshares Incorporat;B;HBAN_SPB;1;0.01
Huntington Ingalls Industries I;B;HII_SPB;1;0.01
Huntsman Corporation;B;HUN_SPB;1;0.01
Huron Consulting Group Inc.;B;HURN_SPB;1;0.01
Hyatt Hotels Corporation ClassA;B;H_SPB;1;0.01
Hyliion Holdings Corp.;B;HYLN_SPB;1;0.01
IAA Inc.;B;IAA_SPB;1;0.01
IAC/InterActiveCorp;B;IAC_SPB;1;0.01
ICF International Inc.;B;ICFI_SPB;1;0.01
ICICI Bank Limited;B;IBN_SPB;1;0.01
ICU Medical Inc.;B;ICUI_SPB;1;0.01
IDACORP Inc.;B;IDA_SPB;1;0.01
IDEX Corporation;B;IEX_SPB;1;0.01
IDEXX Laboratories Inc.;B;IDXX_SPB;1;0.01
IGM Biosciences Inc.;B;IGMS_SPB;1;0.01
IHS Markit Ltd.;B;INFO_SPB;1;0.01
II-VI Incorporated;B;IIVI_SPB;1;0.01
Illinois Tool Works Inc.;B;ITW_SPB;1;0.01
Illumina Inc.;B;ILMN_SPB;1;0.01
Inari Medical Inc.;B;NARI_SPB;1;0.01
Incyte Corporation;B;INCY_SPB;1;0.01
Independent Bank Corp.;B;INDB_SPB;1;0.01
Independent Bank Group Inc.;B;IBTX_SPB;1;0.01
Ingersoll Rand Inc.;B;IR_SPB;1;0.01
Ingevity Corporation;B;NGVT_SPB;1;0.01
Ingredion Incorporated;B;INGR_SPB;1;0.01
InMode Ltd.;B;INMD_SPB;1;0.01
Innospec Inc.;B;IOSP_SPB;1;0.01
Innovative Industrial Properties;B;IIPR_SPB;1;0.01
Inogen Inc.;B;INGN_SPB;1;0.01
Inovio Pharmaceuticals Inc.;B;INO_SPB;1;0.01
Inseego Corp.;B;INSG_SPB;1;0.01
Insight Enterprises Inc.;B;NSIT_SPB;1;0.01
Insperity Inc.;B;NSP_SPB;1;0.01
Inspire Medical Systems Inc.;B;INSP_SPB;1;0.01
Installed Building Products Inc;B;IBP_SPB;1;0.01
Insulet Corporation;B;PODD_SPB;1;0.01
Integer Holdings Corporation;B;ITGR_SPB;1;0.01
Integra LifeSciences Holdings Co;B;IART_SPB;1;0.01
Intel Corporation;B;INTC_SPB;1;0.01
Intellia Therapeutics Inc.;B;NTLA_SPB;1;0.01
Inter Parfums Inc.;B;IPAR_SPB;1;0.01
Interactive Brokers Group Inc.;B;IBKR_SPB;1;0.01
Intercept Pharmaceuticals Inc.;B;ICPT_SPB;1;0.01
Intercontinental Exchange Inc.;B;ICE_SPB;1;0.01
InterDigital Inc.;B;IDCC_SPB;1;0.01
INTERNATIONAL BUSINESS MACHINES;B;IBM_SPB;1;0.01
International Flavors & Fragranc;B;IFF_SPB;1;0.01
International Paper Company;B;IP_SPB;1;0.01
Intra-Cellular Therapies Inc.;B;ITCI_SPB;1;0.01
Intuit Inc.;B;INTU_SPB;1;0.01
Intuitive Surgical Inc.;B;ISRG_SPB;1;0.01
Invesco Ltd.;B;IVZ_SPB;1;0.01
Invitae Corporation;B;NVTA_SPB;1;0.01
Invitation Homes Inc.;B;INVH_SPB;1;0.01
Ionis Pharmaceuticals Inc.;B;IONS_SPB;1;0.01
Iovance Biotherapeutics Inc.;B;IOVA_SPB;1;0.01
IPG Photonics Corporation;B;IPGP_SPB;1;0.01
IQVIA Holdings Inc.;B;IQV_SPB;1;0.01
iRhythm Technologies Inc.;B;IRTC_SPB;1;0.01
Iridium Communications Inc.;B;IRDM_SPB;1;0.01
iRobot Corporation;B;IRBT_SPB;1;0.01
Iron Mountain Incorporated;B;IRM_SPB;1;0.01
Itron Inc.;B;ITRI_SPB;1;0.01
ITT Inc.;B;ITT_SPB;1;0.01
J & J Snack Foods Corp.;B;JJSF_SPB;1;0.01
J.B. Hunt Transport Services In;B;JBHT_SPB;1;0.01
j2 Global Inc.;B;JCOM_SPB;1;0.01
Jabil Inc.;B;JBL_SPB;1;0.01
Jack Henry & Associates Inc.;B;JKHY_SPB;1;0.01
Jack in the Box Inc.;B;JACK_SPB;1;0.01
Jacobs Engineering Group Inc.;B;J_SPB;1;0.01
JD.com Inc.;B;JD_SPB;1;0.01
Jefferies Financial Group Inc.;B;JEF_SPB;1;0.01
JELD-WEN Holding Inc.;B;JELD_SPB;1;0.01
JFrog Ltd.;B;FROG_SPB;1;0.01
John B. Sanfilippo & Son Inc.;B;JBSS_SPB;1;0.01
John Bean Technologies Corporati;B;JBT_SPB;1;0.01
Johnson & Johnson;B;JNJ_SPB;1;0.01
Johnson Controls International p;B;JCI_SPB;1;0.01
Johnson Outdoors Inc. ClassA;B;JOUT_SPB;1;0.01
Jones Lang LaSalle Incorporated;B;JLL_SPB;1;0.01
JOYY Inc.;B;YY_SPB;1;0.01
JPMorgan Chase & Co.;B;JPM_SPB;1;0.01
"JSC ""NAC ""Kazatomprom"" GDR";B;KAP@GS_SPB;1;0.01
Juniper Networks Inc.;B;JNPR_SPB;1;0.01
Kadant Inc.;B;KAI_SPB;1;0.01
Kaiser Aluminum Corporation;B;KALU_SPB;1;0.01
Kansas City Southern;B;KSU_SPB;1;0.01
Karuna Therapeutics Inc.;B;KRTX_SPB;1;0.01
KB Home;B;KBH_SPB;1;0.01
Kellogg Company;B;K_SPB;1;0.01
Kemper Corporation;B;KMPR_SPB;1;0.01
Kennametal Inc.;B;KMT_SPB;1;0.01
Keurig Dr Pepper Inc;B;KDP_SPB;1;0.01
KeyCorp;B;KEY_SPB;1;0.01
Keysight Technologies Inc.;B;KEYS_SPB;1;0.01
Kilroy Realty Corporation;B;KRC_SPB;1;0.01
Kimberly-Clark Corporation;B;KMB_SPB;1;0.01
Kimco Realty Corporation;B;KIM_SPB;1;0.01
Kinder Morgan Inc. class P;B;KMI_SPB;1;0.01
Kinsale Capital Group Inc.;B;KNSL_SPB;1;0.01
Kirby Corporation;B;KEX_SPB;1;0.01
Kite Realty Group Trust;B;KRG_SPB;1;EUR
KKR & Co. Inc.;B;KKR_SPB;1;0.01
KLA Corporation;B;KLAC_SPB;1;0.01
Knight-Swift Transportation Hold;B;KNX_SPB;1;0.01
Kodiak Sciences Inc.;B;KOD_SPB;1;0.01
Kontoor Brands Inc.;B;KTB_SPB;1;0.01
Kopin Corporation;B;KOPN_SPB;1;0.01
Korea Electric Power Corporation;B;KEP_SPB;1;0.01
Korn Ferry;B;KFY_SPB;1;0.01
Krystal Biotech Inc.;B;KRYS_SPB;1;0.01
L Brands Inc.;B;LB_SPB;1;0.01
L3Harris Technologies Inc.;B;LHX_SPB;1;0.01
Laboratory Corporation of Americ;B;LH_SPB;1;0.01
Lam Research Corporation;B;LRCX_SPB;1;0.01
Lamb Weston Holdings Inc.;B;LW_SPB;1;0.01
Lancaster Colony Corporation;B;LANC_SPB;1;0.01
Landstar System Inc.;B;LSTR_SPB;1;0.01
Lantheus Holdings Inc.;B;LNTH_SPB;1;0.01
Las Vegas Sands Corp.;B;LVS_SPB;1;0.01
Lattice Semiconductor Corporatio;B;LSCC_SPB;1;0.01
LCI Industries;B;LCII_SPB;1;0.01
Lear Corporation;B;LEA_SPB;1;0.01
Legacy Housing Corporation;B;LEGH_SPB;1;0.01
Leggett & Platt Incorporated;B;LEG_SPB;1;0.01
Leidos Holdings Inc.;B;LDOS_SPB;1;0.01
LendingTree Inc.;B;TREE_SPB;1;0.01
Lennar Corporation Class A;B;LEN_SPB;1;0.01
Lennox International Inc.;B;LII_SPB;1;0.01
Levi Strauss & Co. ClassA;B;LEVI_SPB;1;0.01
LG Display Co. Ltd.;B;LPL_SPB;1;0.01
LGI Homes Inc.;B;LGIH_SPB;1;0.01
LHC Group Inc.;B;LHCG_SPB;1;0.01
Li Auto Inc.;B;LI_SPB;1;0.01
Liberty Broadband Corporation;B;LBRDK_SPB;1;0.01
Life Storage Inc.;B;LSI_SPB;1;0.01
Ligand Pharmaceuticals Incorpora;B;LGND_SPB;1;0.01
Lightspeed Commerce Inc.;B;LSPD_SPB;1;0.01
Lincoln Electric Holdings Inc.;B;LECO_SPB;1;EUR
Linde plc;B;LIN_SPB;1;0.01
Lindsay Corporation;B;LNN_SPB;1;0.01
Lithia Motors Inc. ClassA;B;LAD_SPB;1;0.01
Littelfuse Inc.;B;LFUS_SPB;1;0.01
Live Nation Entertainment Inc.;B;LYV_SPB;1;0.01
Livent Corporation;B;LTHM_SPB;1;0.01
LivePerson Inc.;B;LPSN_SPB;1;0.01
LiveRamp Holdings Inc.;B;RAMP_SPB;1;0.01
LKQ Corporation;B;LKQ_SPB;1;0.01
Lockheed Martin Corporation;B;LMT_SPB;1;0.01
Loews Corporation;B;L_SPB;1;0.01
Lordstown Motors Corp. Class A;B;RIDE_SPB;1;0.01
Louisiana-Pacific Corporation;B;LPX_SPB;1;0.01
Lowe's Companies Inc.;B;LOW_SPB;1;0.01
LPL Financial Holdings Inc.;B;LPLA_SPB;1;0.01
lululemon athletica inc.;B;LULU_SPB;1;0.01
Lumen Technologies Inc.;B;LUMN_SPB;1;0.01
Lumentum Holdings Inc.;B;LITE_SPB;1;0.01
Luminar Technologies Inc. Class;B;LAZR_SPB;1;0.01
Lyft Inc. Class A;B;LYFT_SPB;1;0.01
LyondellBasell Industries N.V. C;B;LYB_SPB;1;0.01
M&T Bank Corporation;B;MTB_SPB;1;0.01
M/I Homes Inc.;B;MHO_SPB;1;0.01
Macy's Inc.;B;M_SPB;1;0.01
Madison Square Garden Entertainm;B;MSGE_SPB;1;0.01
Madison Square Garden Sports Cor;B;MSGS_SPB;1;0.01
Madrigal Pharmaceuticals Inc.;B;MDGL_SPB;1;0.01
Magellan Health Inc.;B;MGLN_SPB;1;0.01
Magnolia Oil & Gas Corporation C;B;MGY_SPB;1;0.01
Mail.ru Group Limited GDR;B;MAIL@GS_SPB;1;0.01
Malibu Boats Inc. ClassA;B;MBUU_SPB;1;0.01
Manchester United plc Class A;B;MANU_SPB;1;0.01
Manhattan Associates Inc.;B;MANH_SPB;1;0.01
ManpowerGroup Inc.;B;MAN_SPB;1;0.01
ManTech International Corporatio;B;MANT_SPB;1;0.01
Marathon Digital Holdings Inc.;B;MARA_SPB;1;0.01
Marathon Oil Corporation;B;MRO_SPB;1;0.01
Marathon Petroleum Corporation;B;MPC_SPB;1;0.01
Maravai LifeSciences Holdings Inc.;B;MRVI_SPB;1;0.01
Marcus & Millichap Inc.;B;MMI_SPB;1;0.01
Markel Corporation;B;MKL_SPB;1;0.01
MarketAxess Holdings Inc.;B;MKTX_SPB;1;0.01
Marriott International Inc. Cla;B;MAR_SPB;1;0.01
Marriott Vacations Worldwide Cor;B;VAC_SPB;1;0.01
Marsh & McLennan Companies Inc.;B;MMC_SPB;1;0.01
Martin Marietta Materials Inc.;B;MLM_SPB;1;0.01
Marvell Technology Inc.;B;MRVL_SPB;1;0.01
Masco Corporation;B;MAS_SPB;1;0.01
Masimo Corporation;B;MASI_SPB;1;0.01
Mastercard Incorporated class A;B;MA_SPB;1;0.01
Match Group Inc.;B;MTCH_SPB;1;0.01
Materion Corporation;B;MTRN_SPB;1;0.01
Matson Inc.;B;MATX_SPB;1;0.01
Mattel Inc.;B;MAT_SPB;1;0.01
Matterport Inc.;B;MTTR_SPB;1;0.01
Maxim Integrated Products Inc.;B;MXIM_SPB;1;0.01
MAXIMUS Inc.;B;MMS_SPB;1;0.01
MaxLinear Inc.;B;MXL_SPB;1;0.01
McAfee Corp.;B;MCFE_SPB;1;0.01
McCormick & Company Incorporate;B;MKC_SPB;1;0.01
McDonald's Corporation;B;MCD_SPB;1;0.01
McGrath RentCorp;B;MGRC_SPB;1;0.01
McKesson Corporation;B;MCK_SPB;1;0.01
MDU Resources Group Inc.;B;MDU_SPB;1;0.01
Medallia Inc.;B;MDLA_SPB;1;0.01
Medical Properties Trust Inc.;B;MPW_SPB;1;0.01
Medifast Inc.;B;MED_SPB;1;0.01
MEDNAX Inc.;B;MD_SPB;1;0.01
Medpace Holdings Inc.;B;MEDP_SPB;1;0.01
Medtronic Public Limited Company;B;MDT_SPB;1;0.01
Melco Resorts & Entertainment Li;B;MLCO_SPB;1;0.01
MercadoLibre Inc.;B;MELI_SPB;1;0.01
Merck & Co. Inc.;B;MRK_SPB;1;0.01
Merit Medical Systems Inc.;B;MMSI_SPB;1;0.01
Meritage Homes Corporation;B;MTH_SPB;1;0.01
Meritor Inc.;B;MTOR_SPB;1;0.01
Mesa Laboratories Inc.;B;MLAB_SPB;1;0.01
Methode Electronics Inc.;B;MEI_SPB;1;0.01
MetLife Inc.;B;MET_SPB;1;0.01
Mettler-Toledo International Inc;B;MTD_SPB;1;0.01
MGIC Investment Corporation;B;MTG_SPB;1;0.01
MGM Resorts International;B;MGM_SPB;1;0.01
Micro Focus International plc;B;MFGP_SPB;1;0.01
Microchip Technology Incorporate;B;MCHP_SPB;1;0.01
Micron Technology Inc.;B;MU_SPB;1;0.01
Microsoft Corporation;B;MSFT_SPB;1;0.01
MicroStrategy Incorporated Class;B;MSTR_SPB;1;0.01
MicroVision Inc.;B;MVIS_SPB;1;0.01
Mid-America Apartment Communitie;B;MAA_SPB;1;0.01
Middlesex Water Company;B;MSEX_SPB;1;0.01
Mimecast Limited;B;MIME_SPB;1;0.01
Minerals Technologies Inc.;B;MTX_SPB;1;0.01
Mirati Therapeutics Inc.;B;MRTX_SPB;1;0.01
MKS Instruments Inc.;B;MKSI_SPB;1;0.01
Moderna Inc.;B;MRNA_SPB;1;0.01
ModivCare Inc.;B;MODV_SPB;1;0.01
Moelis & Company Class A;B;MC_SPB;1;0.01
Mohawk Industries Inc.;B;MHK_SPB;1;0.01
Molina Healthcare Inc.;B;MOH_SPB;1;0.01
Molson Coors Beverage Company Cl;B;TAP_SPB;1;0.01
Momo Inc.;B;MOMO_SPB;1;0.01
Monarch Casino & Resort Inc.;B;MCRI_SPB;1;0.01
monday.com Ltd.;B;MNDY_SPB;1;0.01
Mondelez International Inc. cla;B;MDLZ_SPB;1;0.01
MongoDB Inc. Class A;B;MDB_SPB;1;0.01
Monolithic Power Systems Inc.;B;MPWR_SPB;1;0.01
Monro Inc.;B;MNRO_SPB;1;0.01
Monster Beverage Corporation;B;MNST_SPB;1;0.01
Moody's Corporation;B;MCO_SPB;1;0.01
Morgan Stanley;B;MS_SPB;1;0.01
Morningstar Inc.;B;MORN_SPB;1;EUR
Motorola Solutions Inc.;B;MSI_SPB;1;0.01
Movado Group Inc.;B;MOV_SPB;1;0.01
MP Materials Corp.;B;MP_SPB;1;0.01
MRC Global Inc.;B;MRC_SPB;1;0.01
MSA Safety Incorporated;B;MSA_SPB;1;0.01
MSC Industrial Direct Co. Inc.;B;MSM_SPB;1;0.01
MSCI Inc.;B;MSCI_SPB;1;0.01
MSG Networks Inc. Class A;B;MSGN_SPB;1;0.01
MTS PJSC;B;MBT_SPB;1;0.01
Murphy Oil Corporation;B;MUR_SPB;1;EUR
Murphy USA Inc.;B;MUSA_SPB;1;0.01
MYR Group Inc.;B;MYRG_SPB;1;0.01
Myriad Genetics Inc.;B;MYGN_SPB;1;0.01
Nasdaq Inc.;B;NDAQ_SPB;1;0.01
Natera Inc.;B;NTRA_SPB;1;0.01
National Beverage Corp.;B;FIZZ_SPB;1;0.01
National Fuel Gas Company;B;NFG_SPB;1;0.01
National Instruments Corporation;B;NATI_SPB;1;0.01
National Presto Industries Inc.;B;NPK_SPB;1;0.01
National Vision Holdings Inc.;B;EYE_SPB;1;0.01
National Western Life Group Inc;B;NWLI_SPB;1;0.01
Natura & Co Holding SA;B;NTCO_SPB;1;0.01
Natus Medical Incorporated;B;NTUS_SPB;1;0.01
Navient Corporation;B;NAVI_SPB;1;0.01
nCino Inc.;B;NCNO_SPB;1;0.01
NCR Corporation;B;NCR_SPB;1;0.01
Neenah Inc.;B;NP_SPB;1;0.01
Nektar Therapeutics;B;NKTR_SPB;1;0.01
Neogen Corporation;B;NEOG_SPB;1;0.01
NeoGenomics Inc.;B;NEO_SPB;1;0.01
NetApp Inc.;B;NTAP_SPB;1;0.01
NetEase Inc.;B;NTES_SPB;1;0.01
Netflix Inc.;B;NFLX_SPB;1;0.01
NETGEAR Inc.;B;NTGR_SPB;1;0.01
NetScout Systems Inc.;B;NTCT_SPB;1;0.01
Neurocrine Biosciences Inc.;B;NBIX_SPB;1;0.01
Nevro Corp.;B;NVRO_SPB;1;0.01
New Fortress Energy Inc. Class A;B;NFE_SPB;1;0.01
New Jersey Resources Corporation;B;NJR_SPB;1;0.01
New Relic Inc.;B;NEWR_SPB;1;0.01
New York Community Bancorp Inc.;B;NYCB_SPB;1;0.01
Newell Brands Inc.;B;NWL_SPB;1;0.01
NewMarket Corporation;B;NEU_SPB;1;0.01
Newmont Corporation;B;NEM_SPB;1;0.01
News Corporation Class A;B;NWSA_SPB;1;0.01
News Corporation Class B;B;NWS_SPB;1;0.01
Nexstar Media Group Inc. ClassA;B;NXST_SPB;1;0.01
NextEra Energy Inc.;B;NEE_SPB;1;0.01
Nicolet Bankshares Inc.;B;NCBS_SPB;1;0.01
Nielsen Holdings plc;B;NLSN_SPB;1;0.01
NIKE Inc. class B;B;NKE_SPB;1;0.01
nLIGHT Inc.;B;LASR_SPB;1;0.01
NLMK GDR;B;NLMK@GS_SPB;1;0.01
NMI Holdings Inc. ClassA;B;NMIH_SPB;1;0.01
Nokia Corporation;B;NOK_SPB;1;0.01
Nordson Corporation;B;NDSN_SPB;1;0.01
Nordstrom Inc.;B;JWN_SPB;1;0.01
Norfolk Southern Corporation;B;NSC_SPB;1;0.01
Northern Trust Corporation;B;NTRS_SPB;1;0.01
Northrop Grumman Corporation;B;NOC_SPB;1;0.01
NorthWestern Corp;B;NWE_SPB;1;0.01
NortonLifeLock Inc.;B;NLOK_SPB;1;0.01
NOV Inc.;B;NOV_SPB;1;0.01
Novartis AG;B;NVS_SPB;1;0.01
NOVATEK PJSC GDR;B;NVTK@GS_SPB;1;0.01
Novavax Inc.;B;NVAX_SPB;1;0.01
NovoCure Limited;B;NVCR_SPB;1;0.01
NOW Inc.;B;DNOW_SPB;1;0.01
NRG Energy Inc.;B;NRG_SPB;1;0.01
Nu Skin Enterprises Inc. ClassA;B;NUS_SPB;1;0.01
Nucor Corporation;B;NUE_SPB;1;0.01
Nurix Therapeutics Inc.;B;NRIX_SPB;1;0.01
Nutanix Inc. Class A;B;NTNX_SPB;1;0.01
NuVasive Inc.;B;NUVA_SPB;1;0.01
NV5 Global Inc.;B;NVEE_SPB;1;0.01
NVIDIA Corporation;B;NVDA_SPB;1;0.01
NVR Inc.;B;NVR_SPB;1;0.01
NXP Semiconductors N.V.;B;NXPI_SPB;1;0.01
Oak Street Health Inc.;B;OSH_SPB;1;0.01
Occidental Petroleum Corporation;B;OXY_SPB;1;0.01
Oceaneering International Inc.;B;OII_SPB;1;0.01
OGE Energy Corp.;B;OGE_SPB;1;0.01
O-I Glass Inc.;B;OI_SPB;1;0.01
Oil States International Inc.;B;OIS_SPB;1;0.01
Okta Inc. Class A;B;OKTA_SPB;1;0.01
Old Dominion Freight Line Inc.;B;ODFL_SPB;1;0.01
Olin Corporation;B;OLN_SPB;1;0.01
Ollie's Bargain Outlet Holdings;B;OLLI_SPB;1;0.01
Omega Healthcare Investors Inc.;B;OHI_SPB;1;0.01
Omnicell Inc.;B;OMCL_SPB;1;0.01
Omnicom Group Inc.;B;OMC_SPB;1;0.01
ON Semiconductor Corporation;B;ON_SPB;1;0.01
ONE Gas Inc.;B;OGS_SPB;1;0.01
OneMain Holdings Inc.;B;OMF_SPB;1;0.01
ONEOK Inc.;B;OKE_SPB;1;0.01
Onto Innovation Inc.;B;ONTO_SPB;1;0.01
Open Lending Corporation;B;LPRO_SPB;1;0.01
Oracle Corporation;B;ORCL_SPB;1;0.01
OraSure Technologies Inc.;B;OSUR_SPB;1;0.01
O'Reilly Automotive Inc.;B;ORLY_SPB;1;0.01
Orthofix Medical Inc.;B;OFIX_SPB;1;0.01
OrthoPediatrics Corp.;B;KIDS_SPB;1;0.01
Oshkosh Corporation;B;OSK_SPB;1;0.01
OSI Systems Inc.;B;OSIS_SPB;1;0.01
Otis Worldwide Corporation;B;OTIS_SPB;1;0.01
Overstock.com Inc.;B;OSTK_SPB;1;0.01
Ovintiv Inc.;B;OVV_SPB;1;0.01
Owens Corning;B;OC_SPB;1;0.01
PACCAR Inc;B;PCAR_SPB;1;0.01
Pacira BioSciences Inc.;B;PCRX_SPB;1;0.01
Packaging Corporation of America;B;PKG_SPB;1;0.01
PagerDuty Inc.;B;PD_SPB;1;0.01
Pagseguro Digital Ltd;B;PAGS_SPB;1;0.01
Palantir Technologies Inc. Class;B;PLTR_SPB;1;0.01
Palo Alto Networks Inc.;B;PANW_SPB;1;0.01
PAO Severstal GDR;B;SVST@GS_SPB;1;0.01
Papa John's International Inc.;B;PZZA_SPB;1;0.01
Parker-Hannifin Corporation;B;PH_SPB;1;0.01
Parsons Corporation;B;PSN_SPB;1;0.01
Patrick Industries Inc.;B;PATK_SPB;1;0.01
Patterson Companies Inc.;B;PDCO_SPB;1;0.01
Paycom Software Inc.;B;PAYC_SPB;1;0.01
Paylocity Holding Corporation;B;PCTY_SPB;1;0.01
PayPal Holdings Inc.;B;PYPL_SPB;1;0.01
PBF Energy Inc. ClassA;B;PBF_SPB;1;0.01
PC Connection Inc.;B;CNXN_SPB;1;0.01
Pegasystems Inc.;B;PEGA_SPB;1;0.01
Peloton Interactive Inc. Class;B;PTON_SPB;1;0.01
PennyMac Financial Services Inc.;B;PFSI_SPB;1;0.01
Penumbra Inc.;B;PEN_SPB;1;0.01
People's United Financial Inc.;B;PBCT_SPB;1;0.01
PepsiCo Inc.;B;PEP_SPB;1;0.01
Perficient Inc.;B;PRFT_SPB;1;0.01
Performance Food Group Company;B;PFGC_SPB;1;0.01
PerkinElmer Inc.;B;PKI_SPB;1;0.01
PetIQ Inc. Class A;B;PETQ_SPB;1;0.01
PetroChina Company Limited;B;PTR_SPB;1;0.01
Pfizer Inc.;B;PFE_SPB;1;0.01
PG&E Corporation;B;PCG_SPB;1;0.01
PGT Innovations Inc.;B;PGTI_SPB;1;0.01
Philip Morris International Inc.;B;PM_SPB;1;0.01
Phillips 66;B;PSX_SPB;1;0.01
Pilgrim's Pride Corporation;B;PPC_SPB;1;0.01
Pinnacle Financial Partners Inc;B;PNFP_SPB;1;0.01
Pinterest Inc. ClassA;B;PINS_SPB;1;0.01
Pioneer Natural Resources Compan;B;PXD_SPB;1;0.01
Piper Sandler Companies;B;PIPR_SPB;1;0.01
Pitney Bowes Inc.;B;PBI_SPB;1;0.01
"PJSC ""LUKOIL"" ADR";B;LKOD@GS_SPB;1;0.01
"PJSC ""PhosAgro"" GDR";B;PHOR@GS_SPB;1;0.01
PJSC GAZPROM ADR;B;OGZD@GS_SPB;1;0.01
PJSC Magnit GDR;B;MGNT@GS_SPB;1;0.01
PJSC Polyus GDR;B;PLZL@GS_SPB;1;0.01
PJT Partners Inc. Class A;B;PJT_SPB;1;0.01
Planet Fitness Inc. ClassA;B;PLNT_SPB;1;0.01
Plexus Corp.;B;PLXS_SPB;1;0.01
Polaris Inc.;B;PII_SPB;1;0.01
Pool Corporation;B;POOL_SPB;1;0.01
Portland General Electric Compan;B;POR_SPB;1;0.01
Poshmark Inc. Class A;B;POSH_SPB;1;0.01
Post Holdings Inc.;B;POST_SPB;1;0.01
Power Integrations Inc.;B;POWI_SPB;1;0.01
PPG Industries Inc.;B;PPG_SPB;1;0.01
PPL Corporation;B;PPL_SPB;1;0.01
PRA Group Inc.;B;PRAA_SPB;1;0.01
PRA Health Sciences Inc.;B;PRAH_SPB;1;0.01
Praxis Precision Medicines Inc.;B;PRAX_SPB;1;0.01
Premier Inc. Class A;B;PINC_SPB;1;0.01
Prestige Consumer Healthcare Inc;B;PBH_SPB;1;0.01
PriceSmart Inc.;B;PSMT_SPB;1;0.01
Primerica Inc.;B;PRI_SPB;1;0.01
Principal Financial Group Inc.;B;PFG_SPB;1;0.01
PROG Holdings Inc.;B;PRG_SPB;1;0.01
Progress Software Corporation;B;PRGS_SPB;1;0.01
Progyny Inc.;B;PGNY_SPB;1;0.01
Proofpoint Inc.;B;PFPT_SPB;1;0.01
ProPetro Holding Corp.;B;PUMP_SPB;1;0.01
Prosperity Bancshares Inc.;B;PB_SPB;1;0.01
Prothena Corporation Public Limi;B;PRTA_SPB;1;0.01
Proto Labs Inc.;B;PRLB_SPB;1;0.01
Prudential Financial Inc.;B;PRU_SPB;1;0.01
PTC Inc.;B;PTC_SPB;1;0.01
PTC Therapeutics Inc.;B;PTCT_SPB;1;0.01
Public Service Enterprise Group;B;PEG_SPB;1;0.01
Public Storage;B;PSA_SPB;1;0.01
PulteGroup Inc.;B;PHM_SPB;1;0.01
Pure Storage Inc. Class A;B;PSTG_SPB;1;0.01
PVH Corp.;B;PVH_SPB;1;0.01
Q2 Holdings Inc.;B;QTWO_SPB;1;0.01
QAD Inc. ClassA;B;QADA_SPB;1;0.01
QIAGEN N.V.;B;QGEN_SPB;1;0.01
Qorvo Inc.;B;QRVO_SPB;1;0.01
QTS Realty Trust Inc. Class A;B;QTS_SPB;1;0.01
QUALCOMM Incorporated;B;QCOM_SPB;1;0.01
Qualys Inc.;B;QLYS_SPB;1;0.01
Quanta Services Inc.;B;PWR_SPB;1;0.01
QuantumScape Corporation Class A;B;QS_SPB;1;0.01
Quest Diagnostics Incorporated;B;DGX_SPB;1;0.01
Quidel Corporation;B;QDEL_SPB;1;0.01
QuinStreet Inc.;B;QNST_SPB;1;0.01
Quotient Technology Inc.;B;QUOT_SPB;1;0.01
Qurate Retail Inc. Series A;B;QRTEA_SPB;1;0.01
Ralph Lauren Corporation Class A;B;RL_SPB;1;0.01
Range Resources Corporation;B;RRC_SPB;1;0.01
Rapid7 Inc.;B;RPD_SPB;1;0.01
Raven Industries Inc.;B;RAVN_SPB;1;0.01
Raymond James Financial Inc.;B;RJF_SPB;1;0.01
Rayonier Inc.;B;RYN_SPB;1;0.01
Raytheon Technologies Corporatio;B;RTX_SPB;1;0.01
RBC Bearings Incorporated;B;ROLL_SPB;1;0.01
Realty Income Corporation;B;O_SPB;1;0.01
Reata Pharmaceuticals Inc. Clas;B;RETA_SPB;1;0.01
Red River Bancshares Inc.;B;RRBI_SPB;1;0.01
Red Robin Gourmet Burgers Inc.;B;RRGB_SPB;1;0.01
Red Rock Resorts Inc.;B;RRR_SPB;1;0.01
Redfin Corporation;B;RDFN_SPB;1;0.01
Regal Beloit Corporation;B;RBC_SPB;1;0.01
Regency Centers Corporation;B;REG_SPB;1;0.01
Regeneron Pharmaceuticals Inc.;B;REGN_SPB;1;0.01
REGENXBIO Inc.;B;RGNX_SPB;1;0.01
Regions Financial Corporation;B;RF_SPB;1;0.01
Reinsurance Group of America In;B;RGA_SPB;1;0.01
Reliance Steel & Aluminum Co.;B;RS_SPB;1;0.01
RenaissanceRe Holdings Ltd.;B;RNR_SPB;1;0.01
Renewable Energy Group Inc.;B;REGI_SPB;1;0.01
Repligen Corporation;B;RGEN_SPB;1;0.01
Republic Services Inc.;B;RSG_SPB;1;0.01
Resideo Technologies Inc.;B;REZI_SPB;1;0.01
ResMed Inc.;B;RMD_SPB;1;0.01
Revolve Group Inc. ClassA;B;RVLV_SPB;1;0.01
REX American Resources Corporati;B;REX_SPB;1;0.01
Rexnord Corporation;B;RXN_SPB;1;0.01
Reynolds Consumer Products Inc.;B;REYN_SPB;1;0.01
RH;B;RH_SPB;1;0.01
Rhythm Pharmaceuticals Inc.;B;RYTM_SPB;1;EUR
RingCentral Inc. Class A;B;RNG_SPB;1;0.01
Riot Blockchain Inc.;B;RIOT_SPB;1;0.01
Riskified Ltd.;B;RSKD_SPB;1;0.01
Robert Half International Inc.;B;RHI_SPB;1;0.01
Rockwell Automation Inc.;B;ROK_SPB;1;0.01
Rogers Corporation;B;ROG_SPB;1;0.01
Roku Inc. Class A;B;ROKU_SPB;1;0.01
Rollins Inc.;B;ROL_SPB;1;0.01
Roper Technologies Inc.;B;ROP_SPB;1;0.01
Ross Stores Inc.;B;ROST_SPB;1;0.01
Royal Caribbean Cruises Ltd.;B;RCL_SPB;1;0.01
Royal Dutch Shell plc;B;RDS.A_SPB;1;0.01
Royal Gold Inc.;B;RGLD_SPB;1;0.01
RPM International Inc.;B;RPM_SPB;1;0.01
Ryder System Inc.;B;R_SPB;1;0.01
S&P Global Inc.;B;SPGI_SPB;1;0.01
Sabra Health Care REIT Inc.;B;SBRA_SPB;1;0.01
Sage Therapeutics Inc.;B;SAGE_SPB;1;0.01
Saia Inc.;B;SAIA_SPB;1;0.01
SailPoint Technologies Holdings;B;SAIL_SPB;1;0.01
salesforce.com Inc.;B;CRM_SPB;1;0.01
Sally Beauty Holdings Inc.;B;SBH_SPB;1;0.01
Sanderson Farms Inc.;B;SAFM_SPB;1;0.01
Sanofi;B;SNY_SPB;1;0.01
SAP SE;B;SAP_SPB;1;0.01
Sarepta Therapeutics Inc.;B;SRPT_SPB;1;0.01
SBA Communications Corporation C;B;SBAC_SPB;1;0.01
Sberbank ADR;B;SBER@GS_SPB;1;0.01
ScanSource Inc.;B;SCSC_SPB;1;0.01
Schlumberger Limited;B;SLB_SPB;1;0.01
Schrodinger Inc.;B;SDGR_SPB;1;0.01
Science Applications Internation;B;SAIC_SPB;1;0.01
Seacoast Banking Corporation of;B;SBCF_SPB;1;0.01
Seagate Technology Holdings publ;B;STX_SPB;1;0.01
Seagen Inc.;B;SGEN_SPB;1;0.01
Sealed Air Corporation;B;SEE_SPB;1;0.01
SEI Investments Company;B;SEIC_SPB;1;0.01
Select Energy Services Inc. Clas;B;WTTR_SPB;1;0.01
Selective Insurance Group Inc.;B;SIGI_SPB;1;0.01
SelectQuote Inc.;B;SLQT_SPB;1;0.01
Sempra Energy;B;SRE_SPB;1;0.01
Semtech Corporation;B;SMTC_SPB;1;0.01
Sensient Technologies Corporatio;B;SXT_SPB;1;0.01
Service Corporation Internationa;B;SCI_SPB;1;0.01
ServiceNow Inc.;B;NOW_SPB;1;0.01
Shake Shack Inc. ClassA;B;SHAK_SPB;1;0.01
Shenandoah Telecommunications Co;B;SHEN_SPB;1;0.01
ShockWave Medical Inc.;B;SWAV_SPB;1;0.01
Shutterstock Inc.;B;SSTK_SPB;1;0.01
Signet Jewelers Limited;B;SIG_SPB;1;0.01
Silgan Holdings Inc.;B;SLGN_SPB;1;0.01
Silicon Laboratories Inc.;B;SLAB_SPB;1;0.01
Silvergate Capital Corporation C;B;SI_SPB;1;0.01
Simon Property Group Inc.;B;SPG_SPB;1;0.01
Simpson Manufacturing Co. Inc.;B;SSD_SPB;1;0.01
Simulations Plus Inc.;B;SLP_SPB;1;0.01
Sinclair Broadcast Group Inc. C;B;SBGI_SPB;1;0.01
Sinopec Shanghai Petrochemical C;B;SHI_SPB;1;0.01
Sistema PJSFC GDR;B;SSA@GS_SPB;1;0.01
SiteOne Landscape Supply Inc.;B;SITE_SPB;1;0.01
SJW Group;B;SJW_SPB;1;0.01
SK Telecom Co. Ltd.;B;SKM_SPB;1;0.01
Skechers U.S.A. Inc. Class A;B;SKX_SPB;1;0.01
Skillz Inc. Class A;B;SKLZ_SPB;1;0.01
Skyline Champion Corporation;B;SKY_SPB;1;0.01
Skyworks Solutions Inc.;B;SWKS_SPB;1;0.01
SL Green Realty Corp.;B;SLG_SPB;1;0.01
Slack Technologies Inc. Class A;B;WORK_SPB;1;0.01
Sleep Number Corporation;B;SNBR_SPB;1;0.01
Smartsheet Inc. Class A;B;SMAR_SPB;1;0.01
Smith & Wesson Brands Inc.;B;SWBI_SPB;1;0.01
Snap Inc. Class A;B;SNAP_SPB;1;0.01
Snap-on Incorporated;B;SNA_SPB;1;0.01
SoFi Technologies Inc.;B;SOFI_SPB;1;0.01
Sohu.com Limited;B;SOHU_SPB;1;0.01
SolarEdge Technologies Inc.;B;SEDG_SPB;1;0.01
SolarWinds Corporation;B;SWI_SPB;1;0.01
Solid Biosciences Inc.;B;SLDB_SPB;1;0.01
Sonoco Products Company;B;SON_SPB;1;0.01
Sonos Inc.;B;SONO_SPB;1;0.01
Sony Group Corporation;B;SONY_SPB;1;0.01
South Jersey Industries Inc.;B;SJI_SPB;1;0.01
Southern Copper Corporation;B;SCCO_SPB;1;0.01
SouthState Corporation;B;SSB_SPB;1;0.01
Southwest Airlines Co.;B;LUV_SPB;1;0.01
Southwest Gas Holdings Inc.;B;SWX_SPB;1;0.01
Southwestern Energy Company;B;SWN_SPB;1;0.01
SP Plus Corporation;B;SP_SPB;1;0.01
Spectrum Brands Holdings Inc.;B;SPB@US_SPB;1;0.01
Spirit AeroSystems Holdings Inc;B;SPR_SPB;1;0.01
Spirit Airlines Inc.;B;SAVE_SPB;1;0.01
Spirit Realty Capital Inc.;B;SRC_SPB;1;0.01
Splunk Inc.;B;SPLK_SPB;1;0.01
Spotify Technology S.A.;B;SPOT_SPB;1;0.01
Sprout Social Inc.;B;SPT_SPB;1;0.01
Sprouts Farmers Market Inc.;B;SFM_SPB;1;0.01
SPS Commerce Inc.;B;SPSC_SPB;1;0.01
SPX FLOW Inc.;B;FLOW_SPB;1;0.01
Square Inc. Class A;B;SQ_SPB;1;0.01
Squarespace Inc. Class A;B;SQSP_SPB;1;0.01
SS&C Technologies Holdings Inc.;B;SSNC_SPB;1;0.01
STAAR Surgical Company;B;STAA_SPB;1;0.01
STAG Industrial Inc.;B;STAG_SPB;1;0.01
Stamps.com Inc.;B;STMP_SPB;1;0.01
Standex International Corporatio;B;SXI_SPB;1;0.01
Stanley Black & Decker Inc.;B;SWK_SPB;1;0.01
Starbucks Corporation;B;SBUX_SPB;1;0.01
Starwood Property Trust Inc.;B;STWD_SPB;1;0.01
State Street Corporation;B;STT_SPB;1;0.01
Steel Dynamics Inc.;B;STLD_SPB;1;0.01
Stem Inc.;B;STEM_SPB;1;0.01
Stepan Company;B;SCL_SPB;1;0.01
Stericycle Inc.;B;SRCL_SPB;1;0.01
Steven Madden Ltd.;B;SHOO_SPB;1;CHF
Stifel Financial Corp.;B;SF_SPB;1;0.01
Stitch Fix Inc. Class A;B;SFIX_SPB;1;0.01
StoneCo Ltd.;B;STNE_SPB;1;0.01
Stoneridge Inc.;B;SRI_SPB;1;0.01
STORE Capital Corporation;B;STOR_SPB;1;0.01
Strategic Education Inc.;B;STRA_SPB;1;0.01
Stride Inc.;B;LRN_SPB;1;0.01
Stryker Corporation;B;SYK_SPB;1;0.01
Sturm Ruger & Company Inc.;B;RGR_SPB;1;0.01
Supernus Pharmaceuticals Inc.;B;SUPN_SPB;1;0.01
Surmodics Inc.;B;SRDX_SPB;1;0.01
SVB Financial Group;B;SIVB_SPB;1;0.01
Switch Inc. Class A;B;SWCH_SPB;1;0.01
Sykes Enterprises Incorporated;B;SYKE_SPB;1;0.01
Synaptics Incorporated;B;SYNA_SPB;1;0.01
Synchrony Financial;B;SYF_SPB;1;0.01
Syneos Health Inc. Class A;B;SYNH_SPB;1;0.01
SYNNEX Corporation;B;SNX_SPB;1;0.01
Synopsys Inc.;B;SNPS_SPB;1;0.01
Sysco Corporation;B;SYY_SPB;1;0.01
T. Rowe Price Group Inc.;B;TROW_SPB;1;0.01
Tabula Rasa HealthCare Inc.;B;TRHC_SPB;1;0.01
Tactile Systems Technology Inc.;B;TCMD_SPB;1;0.01
Taiwan Semiconductor Manufacturi;B;TSM_SPB;1;0.01
Takeda Pharmaceutical Company Li;B;TAK_SPB;1;0.01
Take-Two Interactive Software I;B;TTWO_SPB;1;0.01
TAL Education Group;B;TAL_SPB;1;0.01
Tandem Diabetes Care Inc.;B;TNDM_SPB;1;0.01
Tapestry Inc.;B;TPR_SPB;1;0.01
Targa Resources Corp.;B;TRGP_SPB;1;0.01
Target Corporation;B;TGT_SPB;1;0.01
TaskUs Inc.;B;TASK_SPB;1;0.01
Tata Motors Ltd;B;TTM_SPB;1;0.01
Tattooed Chef Inc.;B;TTCF_SPB;1;0.01
Taylor Morrison Home Corporation;B;TMHC_SPB;1;0.01
TCR2 Therapeutics Inc.;B;TCRR_SPB;1;0.01
TCS Group Holding PLC;B;TCS_SPB;1;0.01
TE Connectivity Ltd.;B;TEL_SPB;1;0.01
TechnipFMC plc;B;FTI_SPB;1;0.01
TEGNA Inc.;B;TGNA_SPB;1;0.01
Teladoc Health Inc.;B;TDOC_SPB;1;0.01
Teledyne Technologies Incorporat;B;TDY_SPB;1;0.01
Teleflex Incorporated;B;TFX_SPB;1;0.01
Telephone and Data Systems Inc.;B;TDS_SPB;1;0.01
Tempur Sealy International Inc.;B;TPX_SPB;1;0.01
Tenable Holdings Inc.;B;TENB_SPB;1;0.01
Tennant Company;B;TNC_SPB;1;0.01
Teradata Corporation;B;TDC_SPB;1;0.01
Teradyne Inc.;B;TER_SPB;1;0.01
Terminix Global Holdings Inc.;B;TMX_SPB;1;0.01
Terreno Realty Corporation;B;TRNO_SPB;1;0.01
Tesla Inc.;B;TSLA_SPB;1;0.01
Tetra Tech Inc.;B;TTEK_SPB;1;0.01
Texas Capital Bancshares Inc.;B;TCBI_SPB;1;0.01
Texas Instruments Incorporated;B;TXN_SPB;1;0.01
Texas Roadhouse Inc.;B;TXRH_SPB;1;0.01
Textron Inc.;B;TXT_SPB;1;0.01
TG Therapeutics Inc.;B;TGTX_SPB;1;0.01
The Aaron's Company Inc.;B;AAN_SPB;1;0.01
The AES Corporation;B;AES_SPB;1;0.01
The Allstate Corporation;B;ALL_SPB;1;0.01
The Andersons Inc.;B;ANDE_SPB;1;0.01
The AZEK Company Inc.;B;AZEK_SPB;1;0.01
The Bank of New York Mellon Corp;B;BK_SPB;1;0.01
The Beauty Health Company;B;SKIN_SPB;1;0.01
The Blackstone Group Inc.;B;BX_SPB;1;0.01
THE BOEING COMPANY;B;BA_SPB;1;0.01
The Boston Beer Company Inc. Cl;B;SAM_SPB;1;0.01
The Brink's Company;B;BCO_SPB;1;0.01
The Charles Schwab Corporation;B;SCHW_SPB;1;0.01
The Chefs' Warehouse Inc.;B;CHEF_SPB;1;0.01
The Chemours Company;B;CC_SPB;1;0.01
The Children's Place Inc.;B;PLCE_SPB;1;0.01
The Clorox Company;B;CLX_SPB;1;0.01
THE COCA-COLA COMPANY;B;KO_SPB;1;0.01
The Cooper Companies Inc.;B;COO_SPB;1;0.01
The Ensign Group Inc.;B;ENSG_SPB;1;0.01
The Estee Lauder Companies Inc.;B;EL_SPB;1;0.01
The Gap Inc.;B;GPS_SPB;1;0.01
The Goldman Sachs Group Inc.;B;GS_SPB;1;0.01
The Goodyear Tire & Rubber Compa;B;GT_SPB;1;0.01
The Greenbrier Companies Inc.;B;GBX_SPB;1;0.01
The Hain Celestial Group Inc.;B;HAIN_SPB;1;0.01
The Hanover Insurance Group Inc;B;THG_SPB;1;0.01
The Hartford Financial Services;B;HIG_SPB;1;0.01
The Hershey Company;B;HSY_SPB;1;0.01
The Home Depot Inc.;B;HD_SPB;1;0.01
The Howard Hughes Corporation;B;HHC_SPB;1;0.01
The Interpublic Group of Compani;B;IPG_SPB;1;0.01
The J.M. Smucker Company;B;SJM_SPB;1;0.01
The Kraft Heinz Company;B;KHC_SPB;1;0.01
The Kroger Co.;B;KR_SPB;1;0.01
The Macerich Company;B;MAC_SPB;1;0.01
The Middleby Corporation;B;MIDD_SPB;1;0.01
The Mosaic Company;B;MOS_SPB;1;0.01
The New York Times Company Class;B;NYT_SPB;1;0.01
The Pennant Group Inc.;B;PNTG_SPB;1;0.01
The PNC Financial Services Group;B;PNC_SPB;1;0.01
The Procter & Gamble Company;B;PG_SPB;1;0.01
The Progressive Corporation;B;PGR_SPB;1;0.01
The Scotts Miracle-Gro Company;B;SMG_SPB;1;0.01
The Sherwin-Williams Company;B;SHW_SPB;1;0.01
The Simply Good Foods Company;B;SMPL_SPB;1;0.01
The Southern Company;B;SO_SPB;1;0.01
The Timken Company;B;TKR_SPB;1;0.01
The TJX Companies Inc.;B;TJX_SPB;1;0.01
The Toro Company;B;TTC_SPB;1;0.01
The Trade Desk Inc. Class A;B;TTD_SPB;1;0.01
The Travelers Companies Inc.;B;TRV_SPB;1;0.01
The Walt Disney Company;B;DIS_SPB;1;0.01
The Western Union Company;B;WU_SPB;1;0.01
The Williams Companies Inc.;B;WMB_SPB;1;0.01
Thermo Fisher Scientific Inc.;B;TMO_SPB;1;0.01
Thor Industries Inc.;B;THO_SPB;1;0.01
T-Mobile US Inc.;B;TMUS_SPB;1;0.01
Toll Brothers Inc.;B;TOL_SPB;1;0.01
TopBuild Corp.;B;BLD_SPB;1;0.01
TotalEnergies SE;B;TOT_SPB;1;0.01
Toyota Motor Corporation;B;TM_SPB;1;0.01
TPI Composites Inc.;B;TPIC_SPB;1;0.01
Tractor Supply Company;B;TSCO_SPB;1;0.01
Tradeweb Markets Inc. Class A;B;TW_SPB;1;0.01
Trane Technologies plc;B;TT_SPB;1;0.01
TransDigm Group Incorporated;B;TDG_SPB;1;0.01
Transocean Ltd.;B;RIG_SPB;1;0.01
TransUnion;B;TRU_SPB;1;0.01
Travel + Leisure Co.;B;TNL_SPB;1;0.01
Trex Company Inc.;B;TREX_SPB;1;0.01
Tri Pointe Homes Inc.;B;TPH_SPB;1;0.01
Trimble Inc.;B;TRMB_SPB;1;0.01
TriNet Group Inc.;B;TNET_SPB;1;0.01
TripAdvisor Inc.;B;TRIP_SPB;1;0.01
Triterras Inc.;B;TRIT_SPB;1;0.01
Truist Financial Corporation;B;TFC_SPB;1;0.01
Trupanion Inc.;B;TRUP_SPB;1;0.01
TTM Technologies Inc.;B;TTMI_SPB;1;0.01
Tucows Inc.;B;TCX_SPB;1;0.01
Turning Point Therapeutics Inc.;B;TPTX_SPB;1;0.01
Turtle Beach Corporation;B;HEAR_SPB;1;0.01
Twilio Inc. Class A;B;TWLO_SPB;1;0.01
Twitter Inc.;B;TWTR_SPB;1;0.01
Tyler Technologies Inc.;B;TYL_SPB;1;0.01
Tyson Foods Inc. Class A;B;TSN_SPB;1;0.01
U.S. Bancorp;B;USB_SPB;1;0.01
U.S. Physical Therapy Inc.;B;USPH_SPB;1;0.01
Uber Technologies Inc.;B;UBER_SPB;1;0.01
Ubiquiti Inc.;B;UI_SPB;1;0.01
UDR Inc.;B;UDR_SPB;1;0.01
UFP Industries Inc.;B;UFPI_SPB;1;0.01
UGI Corporation;B;UGI_SPB;1;0.01
Ulta Beauty Inc.;B;ULTA_SPB;1;0.01
Ultra Clean Holdings Inc.;B;UCTT_SPB;1;0.01
Ultragenyx Pharmaceutical Inc.;B;RARE_SPB;1;0.01
UMB Financial Corporation;B;UMBF_SPB;1;0.01
Under Armour Inc. Class A;B;UAA_SPB;1;0.01
Under Armour Inc. Class C;B;UA_SPB;1;0.01
UniFirst Corporation;B;UNF_SPB;1;0.01
Union Pacific Corporation;B;UNP_SPB;1;0.01
United Airlines Holdings Inc.;B;UAL_SPB;1;0.01
United Bankshares Inc.;B;UBSI_SPB;1;0.01
United Parcel Service Inc. clas;B;UPS_SPB;1;0.01
United Rentals Inc.;B;URI_SPB;1;0.01
United States Cellular Corporati;B;USM_SPB;1;0.01
United Therapeutics Corporation;B;UTHR_SPB;1;0.01
UnitedHealth Group Incorporated;B;UNH_SPB;1;0.01
Unitil Corporation;B;UTL_SPB;1;0.01
Unity Software Inc.;B;U_SPB;1;0.01
Univar Solutions Inc.;B;UNVR_SPB;1;0.01
Universal Display Corporation;B;OLED_SPB;1;0.01
Universal Health Services Inc.;B;UHS_SPB;1;0.01
Unum Group;B;UNM_SPB;1;0.01
Upstart Holdings Inc.;B;UPST_SPB;1;0.01
Upwork Inc.;B;UPWK_SPB;1;0.01
Urban Outfitters Inc.;B;URBN_SPB;1;0.01
US Foods Holding Corp.;B;USFD_SPB;1;0.01
USANA Health Sciences Inc.;B;USNA_SPB;1;0.01
V.F. Corporation;B;VFC_SPB;1;0.01
Vail Resorts Inc.;B;MTN_SPB;1;0.01
Vale S.A.;B;VALE_SPB;1;0.01
Valero Energy Corporation;B;VLO_SPB;1;0.01
Valmont Industries Inc.;B;VMI_SPB;1;0.01
Valvoline Inc.;B;VVV_SPB;1;0.01
Vanda Pharmaceuticals Inc.;B;VNDA_SPB;1;0.01
Varex Imaging Corporation;B;VREX_SPB;1;0.01
Varonis Systems Inc.;B;VRNS_SPB;1;0.01
Vaxart Inc.;B;VXRT_SPB;1;0.01
Vectrus Inc.;B;VEC_SPB;1;0.01
Veeva Systems Inc. ClassA;B;VEEV_SPB;1;0.01
Velodyne Lidar Inc.;B;VLDR_SPB;1;0.01
Ventas Inc.;B;VTR_SPB;1;0.01
VEON Ltd.;B;VEON_SPB;1;0.01
Veoneer Inc.;B;VNE_SPB;1;0.01
Veracyte Inc.;B;VCYT_SPB;1;0.01
Vericel Corporation;B;VCEL_SPB;1;0.01
Verint Systems Inc.;B;VRNT_SPB;1;0.01
VeriSign Inc.;B;VRSN_SPB;1;0.01
Verisk Analytics Inc.;B;VRSK_SPB;1;0.01
Veritiv Corporation;B;VRTV_SPB;1;0.01
Verizon Communications Inc.;B;VZ_SPB;1;0.01
Vertex Pharmaceuticals Incorpora;B;VRTX_SPB;1;0.01
Vertiv Holdings Co;B;VRT_SPB;1;0.01
ViacomCBS Inc.;B;VIAC_SPB;1;0.01
ViaSat Inc.;B;VSAT_SPB;1;0.01
Viatris Inc.;B;VTRS_SPB;1;0.01
Vicor Corporation;B;VICR_SPB;1;0.01
Vimeo Inc.;B;VMEO_SPB;1;0.01
Vipshop Holdings Limited;B;VIPS_SPB;1;0.01
Vir Biotechnology Inc.;B;VIR_SPB;1;0.01
Virgin Galactic Holdings Inc.;B;SPCE_SPB;1;0.01
Virtu Financial Inc. Class A;B;VIRT_SPB;1;0.01
Virtus Investment Partners Inc.;B;VRTS_SPB;1;0.01
Visa Inc.;B;V_SPB;1;0.01
Vishay Precision Group Inc.;B;VPG_SPB;1;0.01
Vista Outdoor Inc.;B;VSTO_SPB;1;0.01
Visteon Corporation;B;VC_SPB;1;0.01
Vistra Corp.;B;VST_SPB;1;0.01
VIZIO Holding Corp.;B;VZIO_SPB;1;0.01
Vmware Inc. ClassA;B;VMW_SPB;1;0.01
Vocera Communications Inc.;B;VCRA_SPB;1;0.01
Vonage Holdings Corp.;B;VG_SPB;1;0.01
Vontier Corporation;B;VNT_SPB;1;0.01
Vornado Realty Trust;B;VNO_SPB;1;0.01
Voya Financial Inc.;B;VOYA_SPB;1;0.01
Vulcan Materials Company;B;VMC_SPB;1;0.01
Vuzix Corporation;B;VUZI_SPB;1;0.01
W. R. Berkley Corporation;B;WRB_SPB;1;0.01
W.P. Carey Inc.;B;WPC_SPB;1;0.01
W.R. Grace & Co.;B;GRA_SPB;1;0.01
W.W. Grainger Inc.;B;GWW_SPB;1;0.01
Walgreens Boots Alliance Inc.;B;WBA_SPB;1;0.01
Walmart Inc.;B;WMT_SPB;1;0.01
Washington Federal Inc.;B;WAFD_SPB;1;0.01
Waste Management Inc.;B;WM_SPB;1;0.01
Waters Corporation;B;WAT_SPB;1;0.01
Watsco Inc.;B;WSO_SPB;1;0.01
Watts Water Technologies Inc. C;B;WTS_SPB;1;0.01
Wayfair Inc. ClassA;B;W_SPB;1;0.01
WD-40 Company;B;WDFC_SPB;1;0.01
Webster Financial Corporation;B;WBS_SPB;1;0.01
WEC Energy Group Inc.;B;WEC_SPB;1;0.01
Weibo Corporation;B;WB_SPB;1;0.01
Wells Fargo & Company;B;WFC_SPB;1;0.01
Welltower Inc.;B;WELL_SPB;1;0.01
Werner Enterprises Inc.;B;WERN_SPB;1;0.01
WESCO International Inc.;B;WCC_SPB;1;0.01
West Pharmaceutical Services In;B;WST_SPB;1;0.01
Westamerica Bancorporation;B;WABC_SPB;1;0.01
Western Alliance Bancorporation;B;WAL_SPB;1;0.01
Western Digital Corporation;B;WDC_SPB;1;0.01
Westinghouse Air Brake Technolog;B;WAB_SPB;1;0.01
Westlake Chemical Corporation;B;WLK_SPB;1;0.01
WestRock Company;B;WRK_SPB;1;0.01
WEX Inc.;B;WEX_SPB;1;0.01
Weyerhaeuser Company;B;WY_SPB;1;0.01
Whirlpool Corporation;B;WHR_SPB;1;0.01
Williams-Sonoma Inc.;B;WSM_SPB;1;0.01
Willis Towers Watson Public Limi;B;WLTW_SPB;1;0.01
WillScot Mobile Mini Holdings Co;B;WSC_SPB;1;0.01
Wingstop Inc.;B;WING_SPB;1;0.01
Winnebago Industries Inc.;B;WGO_SPB;1;0.01
Wintrust Financial Corporation;B;WTFC_SPB;1;0.01
Wix.com Ltd.;B;WIX_SPB;1;0.01
Wolverine World Wide Inc.;B;WWW_SPB;1;0.01
Woodward Inc.;B;WWD_SPB;1;0.01
Workday Inc. ClassA;B;WDAY_SPB;1;0.01
Workhorse Group Inc.;B;WKHS_SPB;1;0.01
Workiva Inc. ClassA;B;WK_SPB;1;0.01
World Acceptance Corporation;B;WRLD_SPB;1;0.01
World Wrestling Entertainment I;B;WWE_SPB;1;0.01
Worthington Industries Inc.;B;WOR_SPB;1;0.01
WW International Inc.;B;WW_SPB;1;0.01
Wyndham Hotels & Resorts Inc.;B;WH_SPB;1;0.01
Wynn Resorts Limited;B;WYNN_SPB;1;0.01
X5 Retail Group N.V. GDR;B;FIVE@GS_SPB;1;0.01
Xcel Energy Inc.;B;XEL_SPB;1;0.01
Xencor Inc.;B;XNCR_SPB;1;0.01
Xerox Holdings Corporation;B;XRX_SPB;1;0.01
Xilinx Inc.;B;XLNX_SPB;1;0.01
XP Inc. Class A;B;XP_SPB;1;0.01
XPEL Inc.;B;XPEL_SPB;1;0.01
XPO Logistics Inc.;B;XPO_SPB;1;0.01
Xylem Inc.;B;XYL_SPB;1;0.01
Yelp Inc.;B;YELP_SPB;1;0.01
YETI Holdings Inc.;B;YETI_SPB;1;0.01
Yext Inc.;B;YEXT_SPB;1;0.01
Yum China Holdings Inc.;B;YUMC_SPB;1;0.01
Yum! Brands Inc.;B;YUM_SPB;1;0.01
Zebra Technologies Corporation C;B;ZBRA_SPB;1;0.01
Zendesk Inc.;B;ZEN_SPB;1;0.01
Zillow Group Inc. Class A;B;ZG_SPB;1;0.01
Zillow Group Inc. Class C;B;Z_SPB;1;0.01
ZIM Integrated Shipping Services Ltd.;B;ZIM_SPB;1;0.01
Zimmer Biomet Holdings Inc.;B;ZBH_SPB;1;0.01
Zions Bancorporation National A;B;ZION_SPB;1;0.01
ZipRecruiter Inc. Class A;B;ZIP_SPB;1;0.01
Zoetis Inc.;B;ZTS_SPB;1;0.01
Zogenix Inc.;B;ZGNX_SPB;1;0.01
Zoom Video Communications Inc. C;B;ZM_SPB;1;0.01
ZoomInfo Technologies Inc. Class;B;ZI_SPB;1;0.01
Zscaler Inc.;B;ZS_SPB;1;0.01
Zumiez Inc.;B;ZUMZ_SPB;1;0.01
Zuora Inc. Class A;B;ZUO_SPB;1;0.01
Zynerba Pharmaceuticals Inc.;B;ZYNE_SPB;1;0.01
Zynex Inc.;B;ZYXI_SPB;1;0.01
Zynga Inc.;B;ZNGA_SPB;1;0.01
